BEGIN TRANSACTION;
INSERT INTO "slide" ("rowid","presentation_id","title","slide_uid","slide_rev_uid","order_index","layout_flag","theme_id","theme_slide_uid","modified_theme_id","modified_theme_layout_revision","layout_revision","thumbnail_desired_rev","thumbnail_rev","thumbnail") VALUES (1,2,'Master','MASTER',NULL,0,2083,NULL,'SONG',NULL,NULL,8364124878774607323,8666742383081846524,6563202138261778016,NULL);
INSERT INTO "slide" ("rowid","presentation_id","title","slide_uid","slide_rev_uid","order_index","layout_flag","theme_id","theme_slide_uid","modified_theme_id","modified_theme_layout_revision","layout_revision","thumbnail_desired_rev","thumbnail_rev","thumbnail") VALUES (2,3,'','1-8E7F17D8-648B-8509-C85D-D1BD9C654BA8',NULL,0,0,2,'MASTER',NULL,NULL,4244628286314480334,4514433558008153114,4514433558008153114,NULL);
INSERT INTO "slide" ("rowid","presentation_id","title","slide_uid","slide_rev_uid","order_index","layout_flag","theme_id","theme_slide_uid","modified_theme_id","modified_theme_layout_revision","layout_revision","thumbnail_desired_rev","thumbnail_rev","thumbnail") VALUES (3,1,'','A-D4A0695D-F497-86F8-1BAB-F9BFC9E3E163',NULL,0,2083,2,'MASTER',NULL,NULL,6664820680250583428,4038320522753621310,4038320522753621310,NULL);
INSERT INTO "slide" ("rowid","presentation_id","title","slide_uid","slide_rev_uid","order_index","layout_flag","theme_id","theme_slide_uid","modified_theme_id","modified_theme_layout_revision","layout_revision","thumbnail_desired_rev","thumbnail_rev","thumbnail") VALUES (4,1,'','5-CE44A32D-446D-A647-B1B2-D2BE72E23ADE',NULL,1,2083,2,'MASTER',NULL,NULL,1802626428607108832,6004813657325717718,6004813657325717718,NULL);
INSERT INTO "slide" ("rowid","presentation_id","title","slide_uid","slide_rev_uid","order_index","layout_flag","theme_id","theme_slide_uid","modified_theme_id","modified_theme_layout_revision","layout_revision","thumbnail_desired_rev","thumbnail_rev","thumbnail") VALUES (5,1,'','6-F78841F0-244D-83C4-E282-A9E85026AA54',NULL,2,2083,2,'MASTER',NULL,NULL,4014160678170076071,5612032383406361172,5612032383406361172,NULL);
INSERT INTO "slide" ("rowid","presentation_id","title","slide_uid","slide_rev_uid","order_index","layout_flag","theme_id","theme_slide_uid","modified_theme_id","modified_theme_layout_revision","layout_revision","thumbnail_desired_rev","thumbnail_rev","thumbnail") VALUES (6,4,'','B-91FCC5BC-F414-AC5A-586A-8703B2047D41',NULL,0,2083,2,'MASTER',NULL,NULL,7300843763103260430,4048214213067723054,4048214213067723054,NULL);
INSERT INTO "slide" ("rowid","presentation_id","title","slide_uid","slide_rev_uid","order_index","layout_flag","theme_id","theme_slide_uid","modified_theme_id","modified_theme_layout_revision","layout_revision","thumbnail_desired_rev","thumbnail_rev","thumbnail") VALUES (7,4,'','E-BF5B1684-F4F4-B529-0852-0557E0D847F1',NULL,1,2083,2,'MASTER',NULL,NULL,3242717318528144346,446642386833784087,446642386833784087,NULL);
INSERT INTO "resource_text" ("rowid","resource_id","rtf") VALUES (1,1,'{\rtf1\ansi\deff0\sdeasyworship2

{\fonttbl{\f0 Tahoma;}}

{\colortbl ;}

{\pard\sdlistlevel-1\qc\qdef\sdewparatemplatestyle300{\*\sdasfactor 1}{\*\sdasbaseline 32.4}\sdastextstyle300\plain\sdewtemplatestyle300\fs64{\*\sdfsreal 32.4}{\*\sdfsdef 32.4}\sdfsauto vers 1a\par}

}');
INSERT INTO "resource_text" ("rowid","resource_id","rtf") VALUES (2,3,'{\rtf1\ansi\deff0\sdeasyworship2

{\fonttbl{\f0 Tahoma;}}

{\colortbl ;}

{\pard\sdparawysiwghidden\sdlistlevel-1\qc\qdef\sdewparatemplatestyle102\plain\sdewtemplatestyle102\fs64{\*\sdfsreal 32.4}{\*\sdfsdef 32.4}\sdfsauto Label 1\par}

{\pard\sdlistlevel0\qc\qdef\sdewparatemplatestyle101{\*\sdasfactor 1}{\*\sdasbaseline 32.4}\sdastextstyle101\plain\sdewtemplatestyle101\fs64{\*\sdfsreal 32.4}{\*\sdfsdef 32.4}\sdfsauto Song 1\par}

}');
INSERT INTO "resource_text" ("rowid","resource_id","rtf") VALUES (3,4,'{\rtf1\ansi\deff0\sdeasyworship2

{\fonttbl{\f0 Tahoma;}}

{\colortbl ;}

{\pard\sdlistlevel0\ql\qdef\plain\fs28{\*\sdfsreal 14.4}{\*\sdfsdef 14.4}\sdfsauto\par}

}');
INSERT INTO "resource_text" ("rowid","resource_id","rtf") VALUES (4,5,'{\rtf1\ansi\deff0\sdeasyworship2

{\fonttbl{\f0 Tahoma;}}

{\colortbl ;}

{\pard\sdlistlevel0\qc\qdef\plain\fs40{\*\sdfsreal 20}{\*\sdfsdef 20}\sdfsauto\par}

}');
INSERT INTO "resource_text" ("rowid","resource_id","rtf") VALUES (5,6,'{\rtf1\ansi\deff0\sdeasyworship2

{\fonttbl{\f0 Tahoma;}}

{\colortbl ;}

{\pard\sdparawysiwghidden\sdlistlevel-1\qc\qdef\sdewparatemplatestyle102\plain\sdewtemplatestyle102\fs64{\*\sdfsreal 32.4}{\*\sdfsdef 32.4}\sdfsauto Label 2\par}

{\pard\sdlistlevel0\qc\qdef\sdewparatemplatestyle101{\*\sdasfactor 1}{\*\sdasbaseline 32.4}\sdastextstyle101\plain\sdewtemplatestyle101\fs64{\*\sdfsreal 32.4}{\*\sdfsdef 32.4}\sdfsauto Song 2\par}

}');
INSERT INTO "resource_text" ("rowid","resource_id","rtf") VALUES (6,7,'{\rtf1\ansi\deff0\sdeasyworship2

{\fonttbl{\f0 Tahoma;}}

{\colortbl ;}

{\pard\sdlistlevel0\ql\qdef\plain\fs28{\*\sdfsreal 14.4}{\*\sdfsdef 14.4}\sdfsauto\par}

}');
INSERT INTO "resource_text" ("rowid","resource_id","rtf") VALUES (7,8,'{\rtf1\ansi\deff0\sdeasyworship2

{\fonttbl{\f0 Tahoma;}}

{\colortbl ;}

{\pard\sdlistlevel0\qc\qdef\plain\fs40{\*\sdfsreal 20}{\*\sdfsdef 20}\sdfsauto\par}

}');
INSERT INTO "resource_text" ("rowid","resource_id","rtf") VALUES (8,9,'{\rtf1\ansi\deff0\sdeasyworship2

{\fonttbl{\f0 Tahoma;}}

{\colortbl ;}

{\pard\sdparawysiwghidden\sdlistlevel-1\qc\qdef\sdewparatemplatestyle102\plain\sdewtemplatestyle102\fs64{\*\sdfsreal 32.4}{\*\sdfsdef 32.4}\sdfsauto Label 3\par}

{\pard\sdlistlevel0\qc\qdef\sdewparatemplatestyle101{\*\sdasfactor 1}{\*\sdasbaseline 32.4}\sdastextstyle101\plain\sdewtemplatestyle101\fs64{\*\sdfsreal 32.4}{\*\sdfsdef 32.4}\sdfsauto Song 3\par}

}');
INSERT INTO "resource_text" ("rowid","resource_id","rtf") VALUES (9,10,'{\rtf1\ansi\deff0\sdeasyworship2

{\fonttbl{\f0 Tahoma;}}

{\colortbl ;}

{\pard\sdlistlevel0\ql\qdef\plain\fs28{\*\sdfsreal 14.4}{\*\sdfsdef 14.4}\sdfsauto\par}

}');
INSERT INTO "resource_text" ("rowid","resource_id","rtf") VALUES (10,11,'{\rtf1\ansi\deff0\sdeasyworship2

{\fonttbl{\f0 Tahoma;}}

{\colortbl ;}

{\pard\sdlistlevel0\qc\qdef\plain\fs40{\*\sdfsreal 20}{\*\sdfsdef 20}\sdfsauto\par}

}');
INSERT INTO "resource_text" ("rowid","resource_id","rtf") VALUES (11,12,'{\rtf1\ansi\deff0\sdeasyworship2

{\fonttbl{\f0 Tahoma;}}

{\colortbl ;}

{\pard\sdparawysiwghidden\sdlistlevel-1\qc\qdef\sdewparatemplatestyle102\plain\sdewtemplatestyle102\fs64{\*\sdfsreal 32.4}{\*\sdfsdef 32.4}\sdfsauto Label 1\par}

{\pard\sdlistlevel0\qc\qdef\sdewparatemplatestyle101{\*\sdasfactor 1}{\*\sdasbaseline 32.4}\sdastextstyle101\plain\sdewtemplatestyle101\fs64{\*\sdfsreal 32.4}{\*\sdfsdef 32.4}\sdfsauto Song 1\par}

}');
INSERT INTO "resource_text" ("rowid","resource_id","rtf") VALUES (12,13,'{\rtf1\ansi\deff0\sdeasyworship2

{\fonttbl{\f0 Tahoma;}}

{\colortbl ;}

{\pard\sdlistlevel0\ql\qdef\plain\fs28{\*\sdfsreal 14.4}{\*\sdfsdef 14.4}\sdfsauto\par}

}');
INSERT INTO "resource_text" ("rowid","resource_id","rtf") VALUES (13,14,'{\rtf1\ansi\deff0\sdeasyworship2

{\fonttbl{\f0 Tahoma;}}

{\colortbl ;}

{\pard\sdlistlevel0\qc\qdef\plain\fs40{\*\sdfsreal 20}{\*\sdfsdef 20}\sdfsauto\par}

}');
INSERT INTO "resource_text" ("rowid","resource_id","rtf") VALUES (14,15,'{\rtf1\ansi\deff0\sdeasyworship2

{\fonttbl{\f0 Tahoma;}}

{\colortbl ;}

{\pard\sdparawysiwghidden\sdlistlevel-1\qc\qdef\sdewparatemplatestyle102\plain\sdewtemplatestyle102\fs64{\*\sdfsreal 32.4}{\*\sdfsdef 32.4}\sdfsauto Label 2\par}

{\pard\sdlistlevel0\qc\qdef\sdewparatemplatestyle101{\*\sdasfactor 1}{\*\sdasbaseline 32.4}\sdastextstyle101\plain\sdewtemplatestyle101\fs64{\*\sdfsreal 32.4}{\*\sdfsdef 32.4}\sdfsauto Song 2\par}

}');
INSERT INTO "resource_text" ("rowid","resource_id","rtf") VALUES (15,16,'{\rtf1\ansi\deff0\sdeasyworship2

{\fonttbl{\f0 Tahoma;}}

{\colortbl ;}

{\pard\sdlistlevel0\ql\qdef\plain\fs28{\*\sdfsreal 14.4}{\*\sdfsdef 14.4}\sdfsauto\par}

}');
INSERT INTO "resource_text" ("rowid","resource_id","rtf") VALUES (16,17,'{\rtf1\ansi\deff0\sdeasyworship2

{\fonttbl{\f0 Tahoma;}}

{\colortbl ;}

{\pard\sdlistlevel0\qc\qdef\plain\fs40{\*\sdfsreal 20}{\*\sdfsdef 20}\sdfsauto\par}

}');
INSERT INTO "resource_image" ("rowid","resource_id","file_id","original_filename","filesize","modified_date","width","height") VALUES (1,2,1,'<images>testfile.png',42694,1568147315006,1744,1216);
INSERT INTO "resource" ("rowid","resource_hash","resource_uid","resource_type","title","author","copyright","description","tags") VALUES (1,NULL,'E-B7C0848E-3413-A7B8-A22C-42B8283F7613',6,'','','','','');
INSERT INTO "resource" ("rowid","resource_hash","resource_uid","resource_type","title","author","copyright","description","tags") VALUES (2,NULL,'0-242C04DF-34A5-8772-B4B4-E1E9B7C3ECF6',6,'testfile.png','','','','');
INSERT INTO "resource" ("rowid","resource_hash","resource_uid","resource_type","title","author","copyright","description","tags") VALUES (3,NULL,'4-8DEC94C9-5404-BD85-6A3E-C56F64E11A44',6,'','','','','');
INSERT INTO "resource" ("rowid","resource_hash","resource_uid","resource_type","title","author","copyright","description","tags") VALUES (4,NULL,'C-317C6031-C438-9847-23FD-210D06FDB19D',6,'','','','','');
INSERT INTO "resource" ("rowid","resource_hash","resource_uid","resource_type","title","author","copyright","description","tags") VALUES (5,NULL,'A-4B9A49CC-E4FE-A049-24BE-44D0AA2ACF5A',6,'','','','','');
INSERT INTO "resource" ("rowid","resource_hash","resource_uid","resource_type","title","author","copyright","description","tags") VALUES (6,NULL,'C-9B00986E-34B2-9346-ADB6-48B981A57D43',6,'','','','','');
INSERT INTO "resource" ("rowid","resource_hash","resource_uid","resource_type","title","author","copyright","description","tags") VALUES (7,NULL,'A-5EA5B3DE-84B9-82C5-8089-5AE9D20EE907',6,'','','','','');
INSERT INTO "resource" ("rowid","resource_hash","resource_uid","resource_type","title","author","copyright","description","tags") VALUES (8,NULL,'8-916CF8BF-84AA-99A0-6E87-4139C5DD9705',6,'','','','','');
INSERT INTO "resource" ("rowid","resource_hash","resource_uid","resource_type","title","author","copyright","description","tags") VALUES (9,NULL,'3-BEA1EE06-4492-8E04-904B-CFD25314739F',6,'','','','','');
INSERT INTO "resource" ("rowid","resource_hash","resource_uid","resource_type","title","author","copyright","description","tags") VALUES (10,NULL,'0-A3C14A58-0460-9330-62E8-B7066AD2DD84',6,'','','','','');
INSERT INTO "resource" ("rowid","resource_hash","resource_uid","resource_type","title","author","copyright","description","tags") VALUES (11,NULL,'E-C0847288-8471-9CEB-1D53-E9A4C9445B9C',6,'','','','','');
INSERT INTO "resource" ("rowid","resource_hash","resource_uid","resource_type","title","author","copyright","description","tags") VALUES (12,NULL,'C-7EB7D043-D44F-BC12-69F6-28B413AFFD31',6,'','','','','');
INSERT INTO "resource" ("rowid","resource_hash","resource_uid","resource_type","title","author","copyright","description","tags") VALUES (13,NULL,'C-EA8530DA-D47F-83C2-A8AE-2B1534A06242',6,'','','','','');
INSERT INTO "resource" ("rowid","resource_hash","resource_uid","resource_type","title","author","copyright","description","tags") VALUES (14,NULL,'6-56886E78-4477-B411-E7D8-C10EEF169B2F',6,'','','','','');
INSERT INTO "resource" ("rowid","resource_hash","resource_uid","resource_type","title","author","copyright","description","tags") VALUES (15,NULL,'7-78751D13-04F6-99BD-38ED-F7A2083AB392',6,'','','','','');
INSERT INTO "resource" ("rowid","resource_hash","resource_uid","resource_type","title","author","copyright","description","tags") VALUES (16,NULL,'9-41C17218-34AB-960A-D7A1-9C410B65FF71',6,'','','','','');
INSERT INTO "resource" ("rowid","resource_hash","resource_uid","resource_type","title","author","copyright","description","tags") VALUES (17,NULL,'D-E79679A9-0456-A1F0-008B-26640652DE91',6,'','','','','');
INSERT INTO "presentation" ("rowid","presentation_uid","presentation_rev_uid","presentation_global_uid","presentation_type","aspect_ratio","group_level","order_index","thumbnail_slide_id","layout_revision","thumbnail_desired_rev","thumbnail_rev","thumbnail","auto_theme","looping","title","author","copyright","administrator","description","tags","reference_number","vendor_id","notes","modified_date","ready","error_no") VALUES (1,NULL,NULL,NULL,6,'',0,0,NULL,NULL,NULL,NULL,NULL,0,0,'mijn test','','','','','','',NULL,'',NULL,1,0);
INSERT INTO "presentation" ("rowid","presentation_uid","presentation_rev_uid","presentation_global_uid","presentation_type","aspect_ratio","group_level","order_index","thumbnail_slide_id","layout_revision","thumbnail_desired_rev","thumbnail_rev","thumbnail","auto_theme","looping","title","author","copyright","administrator","description","tags","reference_number","vendor_id","notes","modified_date","ready","error_no") VALUES (2,'BLANK','6.0.7',NULL,13,'',1,0,NULL,NULL,NULL,NULL,NULL,1,0,'Blank','','','','','','',NULL,'',132120916145610000,1,0);
INSERT INTO "presentation" ("rowid","presentation_uid","presentation_rev_uid","presentation_global_uid","presentation_type","aspect_ratio","group_level","order_index","thumbnail_slide_id","layout_revision","thumbnail_desired_rev","thumbnail_rev","thumbnail","auto_theme","looping","title","author","copyright","administrator","description","tags","reference_number","vendor_id","notes","modified_date","ready","error_no") VALUES (3,NULL,NULL,NULL,8,'',0,0,NULL,NULL,NULL,NULL,NULL,0,0,'mijn testje','','','','','','',NULL,'',NULL,1,0);
INSERT INTO "presentation" ("rowid","presentation_uid","presentation_rev_uid","presentation_global_uid","presentation_type","aspect_ratio","group_level","order_index","thumbnail_slide_id","layout_revision","thumbnail_desired_rev","thumbnail_rev","thumbnail","auto_theme","looping","title","author","copyright","administrator","description","tags","reference_number","vendor_id","notes","modified_date","ready","error_no") VALUES (4,NULL,NULL,NULL,8,'',0,0,NULL,NULL,NULL,NULL,NULL,0,0,'lied 2','','','','','','',NULL,'',NULL,1,0);
INSERT INTO "info" ("rowid","version","version_min") VALUES (1,'6.7.10.0','6.5.1.0');
INSERT INTO "file" ("rowid","file_hash","filename","shared_filename") VALUES (1,'','testfile.png',NULL);
INSERT INTO "element_property_group" ("rowid","link_id","group_name") VALUES (1,3,'Overrides');
INSERT INTO "element_property_group" ("rowid","link_id","group_name") VALUES (2,3,'Text_Format');
INSERT INTO "element_property_group" ("rowid","link_id","group_name") VALUES (3,3,'Text_Style_300');
INSERT INTO "element_property_group" ("rowid","link_id","group_name") VALUES (4,4,'Foreground');
INSERT INTO "element_property_group" ("rowid","link_id","group_name") VALUES (5,4,'Overrides');
INSERT INTO "element_property_group" ("rowid","link_id","group_name") VALUES (6,4,'Element');
INSERT INTO "element_property_group" ("rowid","link_id","group_name") VALUES (7,8,'Text_Format');
INSERT INTO "element_property_group" ("rowid","link_id","group_name") VALUES (8,8,'Overrides');
INSERT INTO "element_property_group" ("rowid","link_id","group_name") VALUES (9,9,'Text_Format');
INSERT INTO "element_property_group" ("rowid","link_id","group_name") VALUES (10,9,'Overrides');
INSERT INTO "element_property_group" ("rowid","link_id","group_name") VALUES (11,13,'Text_Format');
INSERT INTO "element_property_group" ("rowid","link_id","group_name") VALUES (12,13,'Overrides');
INSERT INTO "element_property_group" ("rowid","link_id","group_name") VALUES (13,14,'Text_Format');
INSERT INTO "element_property_group" ("rowid","link_id","group_name") VALUES (14,14,'Overrides');
INSERT INTO "element_property_group" ("rowid","link_id","group_name") VALUES (15,18,'Text_Format');
INSERT INTO "element_property_group" ("rowid","link_id","group_name") VALUES (16,18,'Overrides');
INSERT INTO "element_property_group" ("rowid","link_id","group_name") VALUES (17,19,'Text_Format');
INSERT INTO "element_property_group" ("rowid","link_id","group_name") VALUES (18,19,'Overrides');
INSERT INTO "element_property_group" ("rowid","link_id","group_name") VALUES (19,23,'Text_Format');
INSERT INTO "element_property_group" ("rowid","link_id","group_name") VALUES (20,23,'Overrides');
INSERT INTO "element_property_group" ("rowid","link_id","group_name") VALUES (21,24,'Text_Format');
INSERT INTO "element_property_group" ("rowid","link_id","group_name") VALUES (22,24,'Overrides');
INSERT INTO "element_property_group" ("rowid","link_id","group_name") VALUES (23,28,'Text_Format');
INSERT INTO "element_property_group" ("rowid","link_id","group_name") VALUES (24,28,'Overrides');
INSERT INTO "element_property_group" ("rowid","link_id","group_name") VALUES (25,29,'Text_Format');
INSERT INTO "element_property_group" ("rowid","link_id","group_name") VALUES (26,29,'Overrides');
INSERT INTO "element_property" ("rowid","group_id","value_type","key","value") VALUES (1,1,5,'mofText','1');
INSERT INTO "element_property" ("rowid","group_id","value_type","key","value") VALUES (2,1,5,'mofDims','1');
INSERT INTO "element_property" ("rowid","group_id","value_type","key","value") VALUES (3,2,5,'mofText','1');
INSERT INTO "element_property" ("rowid","group_id","value_type","key","value") VALUES (4,4,5,'@changed','1');
INSERT INTO "element_property" ("rowid","group_id","value_type","key","value") VALUES (5,4,5,'@mofChanged','1');
INSERT INTO "element_property" ("rowid","group_id","value_type","key","value") VALUES (6,4,5,'Interactive','1');
INSERT INTO "element_property" ("rowid","group_id","value_type","key","value") VALUES (7,5,5,'mofDims','1');
INSERT INTO "element_property" ("rowid","group_id","value_type","key","value") VALUES (8,5,5,'mofForeground','1');
INSERT INTO "element_property" ("rowid","group_id","value_type","key","value") VALUES (9,6,5,'mofText','1');
INSERT INTO "element_property" ("rowid","group_id","value_type","key","value") VALUES (10,6,5,'mofDims','1');
INSERT INTO "element_property" ("rowid","group_id","value_type","key","value") VALUES (11,7,5,'mofText','1');
INSERT INTO "element_property" ("rowid","group_id","value_type","key","value") VALUES (12,8,5,'mofText','1');
INSERT INTO "element_property" ("rowid","group_id","value_type","key","value") VALUES (13,9,5,'mofText','1');
INSERT INTO "element_property" ("rowid","group_id","value_type","key","value") VALUES (14,9,5,'mofDims','1');
INSERT INTO "element_property" ("rowid","group_id","value_type","key","value") VALUES (15,10,5,'mofText','1');
INSERT INTO "element_property" ("rowid","group_id","value_type","key","value") VALUES (16,10,5,'mofDims','1');
INSERT INTO "element_property" ("rowid","group_id","value_type","key","value") VALUES (17,11,5,'mofText','1');
INSERT INTO "element_property" ("rowid","group_id","value_type","key","value") VALUES (18,11,5,'mofDims','1');
INSERT INTO "element_property" ("rowid","group_id","value_type","key","value") VALUES (19,12,5,'mofText','1');
INSERT INTO "element_property" ("rowid","group_id","value_type","key","value") VALUES (20,13,5,'mofText','1');
INSERT INTO "element_property" ("rowid","group_id","value_type","key","value") VALUES (21,14,5,'mofText','1');
INSERT INTO "element_property" ("rowid","group_id","value_type","key","value") VALUES (22,14,5,'mofDims','1');
INSERT INTO "element_property" ("rowid","group_id","value_type","key","value") VALUES (23,15,5,'mofText','1');
INSERT INTO "element_property" ("rowid","group_id","value_type","key","value") VALUES (24,15,5,'mofDims','1');
INSERT INTO "element_property" ("rowid","group_id","value_type","key","value") VALUES (25,16,5,'mofText','1');
INSERT INTO "element_property" ("rowid","group_id","value_type","key","value") VALUES (26,16,5,'mofDims','1');
INSERT INTO "element_property" ("rowid","group_id","value_type","key","value") VALUES (27,17,5,'mofText','1');
INSERT INTO "element_property" ("rowid","group_id","value_type","key","value") VALUES (28,18,5,'mofText','1');
INSERT INTO "element_property" ("rowid","group_id","value_type","key","value") VALUES (29,19,5,'mofText','1');
INSERT INTO "element_property" ("rowid","group_id","value_type","key","value") VALUES (30,19,5,'mofDims','1');
INSERT INTO "element_property" ("rowid","group_id","value_type","key","value") VALUES (31,20,5,'mofText','1');
INSERT INTO "element_property" ("rowid","group_id","value_type","key","value") VALUES (32,20,5,'mofDims','1');
INSERT INTO "element_property" ("rowid","group_id","value_type","key","value") VALUES (33,21,5,'mofText','1');
INSERT INTO "element_property" ("rowid","group_id","value_type","key","value") VALUES (34,21,5,'mofDims','1');
INSERT INTO "element_property" ("rowid","group_id","value_type","key","value") VALUES (35,22,5,'mofText','1');
INSERT INTO "element_property" ("rowid","group_id","value_type","key","value") VALUES (36,23,5,'mofText','1');
INSERT INTO "element_property" ("rowid","group_id","value_type","key","value") VALUES (37,24,5,'mofText','1');
INSERT INTO "element_property" ("rowid","group_id","value_type","key","value") VALUES (38,24,5,'mofDims','1');
INSERT INTO "element_property" ("rowid","group_id","value_type","key","value") VALUES (39,25,5,'mofText','1');
INSERT INTO "element_property" ("rowid","group_id","value_type","key","value") VALUES (40,25,5,'mofDims','1');
INSERT INTO "element_property" ("rowid","group_id","value_type","key","value") VALUES (41,26,5,'mofText','1');
INSERT INTO "element_property" ("rowid","group_id","value_type","key","value") VALUES (42,26,5,'mofDims','1');
INSERT INTO "element_property" ("rowid","group_id","value_type","key","value") VALUES (43,27,5,'mofText','1');
INSERT INTO "element_property" ("rowid","group_id","value_type","key","value") VALUES (44,28,5,'mofText','1');
INSERT INTO "element_property" ("rowid","group_id","value_type","key","value") VALUES (45,29,5,'mofText','1');
INSERT INTO "element_property" ("rowid","group_id","value_type","key","value") VALUES (46,29,5,'mofDims','1');
INSERT INTO "element_property" ("rowid","group_id","value_type","key","value") VALUES (47,30,5,'mofText','1');
INSERT INTO "element_property" ("rowid","group_id","value_type","key","value") VALUES (48,30,5,'mofDims','1');
INSERT INTO "element" ("rowid","slide_id","element_uid","element_type","element_style_type","order_index","x","y","width","height","background_resource_id","foreground_resource_id","internal_mute","from_master") VALUES (1,2,'BACKGROUND',0,0,0,0.0,0.0,1.0,1.0,NULL,NULL,0,0);
INSERT INTO "element" ("rowid","slide_id","element_uid","element_type","element_style_type","order_index","x","y","width","height","background_resource_id","foreground_resource_id","internal_mute","from_master") VALUES (2,2,'AUDIO',5,0,0,0.0,0.0,1.0,1.0,NULL,NULL,0,0);
INSERT INTO "element" ("rowid","slide_id","element_uid","element_type","element_style_type","order_index","x","y","width","height","background_resource_id","foreground_resource_id","internal_mute","from_master") VALUES (3,2,'TITLE',6,6,2,0.0199999995529652,0.0266660004854202,0.959999978542328,0.150000005960464,NULL,1,0,1);
INSERT INTO "element" ("rowid","slide_id","element_uid","element_type","element_style_type","order_index","x","y","width","height","background_resource_id","foreground_resource_id","internal_mute","from_master") VALUES (4,2,'A-B365AB34-C4AE-B53C-19B0-6FA866ED8C59',2,0,3,-4.71347011625767e-05,0.0,1.00009429454803,1.0466103553772,NULL,2,0,0);
INSERT INTO "element" ("rowid","slide_id","element_uid","element_type","element_style_type","order_index","x","y","width","height","background_resource_id","foreground_resource_id","internal_mute","from_master") VALUES (6,3,'BACKGROUND',0,0,0,0.0,0.0,1.0,1.0,NULL,NULL,0,0);
INSERT INTO "element" ("rowid","slide_id","element_uid","element_type","element_style_type","order_index","x","y","width","height","background_resource_id","foreground_resource_id","internal_mute","from_master") VALUES (7,3,'AUDIO',5,0,0,0.0,0.0,1.0,1.0,NULL,NULL,0,0);
INSERT INTO "element" ("rowid","slide_id","element_uid","element_type","element_style_type","order_index","x","y","width","height","background_resource_id","foreground_resource_id","internal_mute","from_master") VALUES (8,3,'CONTENT_SONG',6,4,0,0.0,0.0,1.0,1.0,NULL,3,0,0);
INSERT INTO "element" ("rowid","slide_id","element_uid","element_type","element_style_type","order_index","x","y","width","height","background_resource_id","foreground_resource_id","internal_mute","from_master") VALUES (9,3,'COPYRIGHT',6,8,0,0.0,0.9200000166893,1.0,0.0799999982118607,NULL,4,0,0);
INSERT INTO "element" ("rowid","slide_id","element_uid","element_type","element_style_type","order_index","x","y","width","height","background_resource_id","foreground_resource_id","internal_mute","from_master") VALUES (10,3,'CONTENT_SCRIPTURE',6,5,0,0.0,0.0,1.0,1.0,NULL,5,0,1);
INSERT INTO "element" ("rowid","slide_id","element_uid","element_type","element_style_type","order_index","x","y","width","height","background_resource_id","foreground_resource_id","internal_mute","from_master") VALUES (11,4,'BACKGROUND',0,0,0,0.0,0.0,1.0,1.0,NULL,NULL,0,0);
INSERT INTO "element" ("rowid","slide_id","element_uid","element_type","element_style_type","order_index","x","y","width","height","background_resource_id","foreground_resource_id","internal_mute","from_master") VALUES (12,4,'AUDIO',5,0,0,0.0,0.0,1.0,1.0,NULL,NULL,0,0);
INSERT INTO "element" ("rowid","slide_id","element_uid","element_type","element_style_type","order_index","x","y","width","height","background_resource_id","foreground_resource_id","internal_mute","from_master") VALUES (13,4,'CONTENT_SONG',6,4,0,0.0,0.0,1.0,1.0,NULL,6,0,0);
INSERT INTO "element" ("rowid","slide_id","element_uid","element_type","element_style_type","order_index","x","y","width","height","background_resource_id","foreground_resource_id","internal_mute","from_master") VALUES (14,4,'COPYRIGHT',6,8,0,0.0,0.9200000166893,1.0,0.0799999982118607,NULL,7,0,0);
INSERT INTO "element" ("rowid","slide_id","element_uid","element_type","element_style_type","order_index","x","y","width","height","background_resource_id","foreground_resource_id","internal_mute","from_master") VALUES (15,4,'CONTENT_SCRIPTURE',6,5,0,0.0,0.0,1.0,1.0,NULL,8,0,1);
INSERT INTO "element" ("rowid","slide_id","element_uid","element_type","element_style_type","order_index","x","y","width","height","background_resource_id","foreground_resource_id","internal_mute","from_master") VALUES (16,5,'BACKGROUND',0,0,0,0.0,0.0,1.0,1.0,NULL,NULL,0,0);
INSERT INTO "element" ("rowid","slide_id","element_uid","element_type","element_style_type","order_index","x","y","width","height","background_resource_id","foreground_resource_id","internal_mute","from_master") VALUES (17,5,'AUDIO',5,0,0,0.0,0.0,1.0,1.0,NULL,NULL,0,0);
INSERT INTO "element" ("rowid","slide_id","element_uid","element_type","element_style_type","order_index","x","y","width","height","background_resource_id","foreground_resource_id","internal_mute","from_master") VALUES (18,5,'CONTENT_SONG',6,4,0,0.0,0.0,1.0,1.0,NULL,9,0,0);
INSERT INTO "element" ("rowid","slide_id","element_uid","element_type","element_style_type","order_index","x","y","width","height","background_resource_id","foreground_resource_id","internal_mute","from_master") VALUES (19,5,'COPYRIGHT',6,8,0,0.0,0.9200000166893,1.0,0.0799999982118607,NULL,10,0,0);
INSERT INTO "element" ("rowid","slide_id","element_uid","element_type","element_style_type","order_index","x","y","width","height","background_resource_id","foreground_resource_id","internal_mute","from_master") VALUES (20,5,'CONTENT_SCRIPTURE',6,5,0,0.0,0.0,1.0,1.0,NULL,11,0,1);
INSERT INTO "element" ("rowid","slide_id","element_uid","element_type","element_style_type","order_index","x","y","width","height","background_resource_id","foreground_resource_id","internal_mute","from_master") VALUES (21,6,'BACKGROUND',0,0,0,0.0,0.0,1.0,1.0,NULL,NULL,0,0);
INSERT INTO "element" ("rowid","slide_id","element_uid","element_type","element_style_type","order_index","x","y","width","height","background_resource_id","foreground_resource_id","internal_mute","from_master") VALUES (22,6,'AUDIO',5,0,0,0.0,0.0,1.0,1.0,NULL,NULL,0,0);
INSERT INTO "element" ("rowid","slide_id","element_uid","element_type","element_style_type","order_index","x","y","width","height","background_resource_id","foreground_resource_id","internal_mute","from_master") VALUES (23,6,'CONTENT_SONG',6,4,0,0.0,0.0,1.0,1.0,NULL,12,0,0);
INSERT INTO "element" ("rowid","slide_id","element_uid","element_type","element_style_type","order_index","x","y","width","height","background_resource_id","foreground_resource_id","internal_mute","from_master") VALUES (24,6,'COPYRIGHT',6,8,0,0.0,0.9200000166893,1.0,0.0799999982118607,NULL,13,0,0);
INSERT INTO "element" ("rowid","slide_id","element_uid","element_type","element_style_type","order_index","x","y","width","height","background_resource_id","foreground_resource_id","internal_mute","from_master") VALUES (25,6,'CONTENT_SCRIPTURE',6,5,0,0.0,0.0,1.0,1.0,NULL,14,0,1);
INSERT INTO "element" ("rowid","slide_id","element_uid","element_type","element_style_type","order_index","x","y","width","height","background_resource_id","foreground_resource_id","internal_mute","from_master") VALUES (26,7,'BACKGROUND',0,0,0,0.0,0.0,1.0,1.0,NULL,NULL,0,0);
INSERT INTO "element" ("rowid","slide_id","element_uid","element_type","element_style_type","order_index","x","y","width","height","background_resource_id","foreground_resource_id","internal_mute","from_master") VALUES (27,7,'AUDIO',5,0,0,0.0,0.0,1.0,1.0,NULL,NULL,0,0);
INSERT INTO "element" ("rowid","slide_id","element_uid","element_type","element_style_type","order_index","x","y","width","height","background_resource_id","foreground_resource_id","internal_mute","from_master") VALUES (28,7,'CONTENT_SONG',6,4,0,0.0,0.0,1.0,1.0,NULL,15,0,0);
INSERT INTO "element" ("rowid","slide_id","element_uid","element_type","element_style_type","order_index","x","y","width","height","background_resource_id","foreground_resource_id","internal_mute","from_master") VALUES (29,7,'COPYRIGHT',6,8,0,0.0,0.9200000166893,1.0,0.0799999982118607,NULL,16,0,0);
INSERT INTO "element" ("rowid","slide_id","element_uid","element_type","element_style_type","order_index","x","y","width","height","background_resource_id","foreground_resource_id","internal_mute","from_master") VALUES (30,7,'CONTENT_SCRIPTURE',6,5,0,0.0,0.0,1.0,1.0,NULL,17,0,1);
COMMIT;
