BEGIN TRANSACTION;
CREATE TABLE IF NOT EXISTS "token" (
	"rowid"	integer NOT NULL UNIQUE,
	"presentation_id"	integer,
	"uid"	text,
	"token_name"	text COLLATE UTF8_U_CI,
	"token_type"	int8,
	"token_format"	text,
	"token_interval"	int8,
	"token_time_value"	datetime,
	"token_time_value_fixed"	datetime,
	"token_allow_overrun"	boolean,
	"token_value"	text,
	PRIMARY KEY("rowid"),
	FOREIGN KEY("presentation_id") REFERENCES "presentation"("rowid") ON DELETE CASCADE ON UPDATE CASCADE
);
CREATE TABLE IF NOT EXISTS "slide_property_group" (
	"rowid"	integer NOT NULL UNIQUE,
	"link_id"	integer,
	"group_name"	text,
	PRIMARY KEY("rowid"),
	FOREIGN KEY("link_id") REFERENCES "slide"("rowid") ON DELETE CASCADE ON UPDATE CASCADE
);
CREATE TABLE IF NOT EXISTS "slide_property" (
	"rowid"	integer NOT NULL UNIQUE,
	"group_id"	integer,
	"value_type"	byte,
	"key"	text,
	"value"	text,
	PRIMARY KEY("rowid"),
	FOREIGN KEY("group_id") REFERENCES "slide_property_group"("rowid") ON DELETE CASCADE ON UPDATE CASCADE
);
CREATE TABLE IF NOT EXISTS "slide" (
	"rowid"	integer NOT NULL PRIMARY KEY AUTOINCREMENT UNIQUE,
	"presentation_id"	integer NOT NULL,
	"title"	text,
	"slide_uid"	text,
	"slide_rev_uid"	text,
	"order_index"	integer,
	"layout_flag"	integer,
	"theme_id"	integer,
	"theme_slide_uid"	text,
	"modified_theme_id"	integer,
	"modified_theme_layout_revision"	integer,
	"layout_revision"	integer DEFAULT 1,
	"thumbnail_desired_rev"	integer DEFAULT 1,
	"thumbnail_rev"	integer DEFAULT 1,
	"thumbnail"	jpeg,
	FOREIGN KEY("presentation_id") REFERENCES "presentation"("rowid") ON DELETE CASCADE ON UPDATE CASCADE
);
CREATE TABLE IF NOT EXISTS "resource_web" (
	"rowid"	integer NOT NULL UNIQUE,
	"resource_id"	integer,
	"url"	text COLLATE UTF8_U_CI,
	"remove_scroll_bars"	boolean,
	PRIMARY KEY("rowid"),
	FOREIGN KEY("resource_id") REFERENCES "resource"("rowid") ON DELETE CASCADE ON UPDATE CASCADE
);
CREATE TABLE IF NOT EXISTS "resource_video" (
	"rowid"	integer NOT NULL UNIQUE,
	"resource_id"	integer,
	"file_id"	integer,
	"original_filename"	text,
	"filesize"	int64,
	"modified_date"	datetime,
	"start_pos"	int64 DEFAULT -1,
	"end_pos"	int64 DEFAULT -1,
	"poster_frame_pos"	int64 DEFAULT -1,
	"width"	integer,
	"height"	integer,
	"duration"	int64,
	"repeating"	boolean,
	"alpha_channel_mode"	int8,
	"video_stream_count"	integer,
	"audio_stream_count"	integer,
	"video_stream_type"	integer DEFAULT -1,
	"audio_stream_type"	integer DEFAULT -1,
	"audio_stream_profile"	integer DEFAULT -1,
	PRIMARY KEY("rowid"),
	FOREIGN KEY("resource_id") REFERENCES "resource"("rowid") ON DELETE CASCADE ON UPDATE CASCADE,
	FOREIGN KEY("file_id") REFERENCES "file"("rowid") ON DELETE SET NULL ON UPDATE CASCADE
);
CREATE TABLE IF NOT EXISTS "resource_text" (
	"rowid"	integer NOT NULL UNIQUE,
	"resource_id"	integer,
	"rtf"	rtf,
	PRIMARY KEY("rowid"),
	FOREIGN KEY("resource_id") REFERENCES "resource"("rowid") ON DELETE CASCADE ON UPDATE CASCADE
);
CREATE TABLE IF NOT EXISTS "resource_shape" (
	"rowid"	integer NOT NULL UNIQUE,
	"resource_id"	integer,
	"shape_data"	text,
	PRIMARY KEY("rowid"),
	FOREIGN KEY("resource_id") REFERENCES "resource"("rowid") ON DELETE CASCADE ON UPDATE CASCADE
);
CREATE TABLE IF NOT EXISTS "resource_powerpoint" (
	"rowid"	integer NOT NULL UNIQUE,
	"resource_id"	integer,
	"file_id"	integer,
	"original_filename"	text,
	"filesize"	int64,
	"modified_date"	datetime,
	"width"	integer,
	"height"	integer,
	PRIMARY KEY("rowid"),
	FOREIGN KEY("resource_id") REFERENCES "resource"("rowid") ON DELETE CASCADE ON UPDATE CASCADE,
	FOREIGN KEY("file_id") REFERENCES "file"("rowid") ON DELETE SET NULL ON UPDATE CASCADE
);
CREATE TABLE IF NOT EXISTS "resource_image" (
	"rowid"	integer NOT NULL UNIQUE,
	"resource_id"	integer,
	"file_id"	integer,
	"original_filename"	text,
	"filesize"	int64,
	"modified_date"	datetime,
	"width"	integer,
	"height"	integer,
	PRIMARY KEY("rowid"),
	FOREIGN KEY("file_id") REFERENCES "file"("rowid") ON DELETE SET NULL ON UPDATE CASCADE,
	FOREIGN KEY("resource_id") REFERENCES "resource"("rowid") ON DELETE CASCADE ON UPDATE CASCADE
);
CREATE TABLE IF NOT EXISTS "resource_gradient_color" (
	"rowid"	integer NOT NULL UNIQUE,
	"resource_id"	integer,
	"color_from"	integer,
	"color_to"	integer,
	"percent_from"	double,
	"percent_to"	double,
	"ramp"	int8,
	PRIMARY KEY("rowid"),
	FOREIGN KEY("resource_id") REFERENCES "resource"("rowid") ON DELETE CASCADE ON UPDATE CASCADE
);
CREATE TABLE IF NOT EXISTS "resource_gradient" (
	"rowid"	integer NOT NULL UNIQUE,
	"resource_id"	integer,
	"angle"	integer,
	"transparent"	boolean,
	PRIMARY KEY("rowid"),
	FOREIGN KEY("resource_id") REFERENCES "resource"("rowid") ON DELETE CASCADE ON UPDATE CASCADE
);
CREATE TABLE IF NOT EXISTS "resource_feed_pc" (
	"rowid"	integer NOT NULL UNIQUE,
	"resource_id"	integer,
	"device_name"	text COLLATE UTF8_U_CI,
	"device_uid"	text,
	"video_standard"	integer,
	"color_compression"	text,
	"frame_rate"	integer,
	"input_port"	integer,
	"width"	integer,
	"height"	integer,
	PRIMARY KEY("rowid"),
	FOREIGN KEY("resource_id") REFERENCES "resource"("rowid") ON DELETE CASCADE ON UPDATE CASCADE
);
CREATE TABLE IF NOT EXISTS "resource_feed" (
	"rowid"	integer NOT NULL UNIQUE,
	"resource_id"	integer,
	"feed_type"	int8,
	"modified_date"	datetime,
	"thumbnail"	png,
	PRIMARY KEY("rowid"),
	FOREIGN KEY("resource_id") REFERENCES "resource"("rowid") ON DELETE CASCADE ON UPDATE CASCADE
);
CREATE TABLE IF NOT EXISTS "resource_dvd_pc" (
	"rowid"	integer NOT NULL UNIQUE,
	"resource_id"	integer,
	"segment_bookmark"	blob,
	"clip_bookmark"	blob,
	"bookmark_os_ver"	integer,
	PRIMARY KEY("rowid"),
	FOREIGN KEY("resource_id") REFERENCES "resource"("rowid") ON DELETE CASCADE ON UPDATE CASCADE
);
CREATE TABLE IF NOT EXISTS "resource_dvd_disk" (
	"rowid"	integer NOT NULL UNIQUE,
	"disk_uid"	text,
	"disk_name"	text COLLATE UTF8_U_CI,
	PRIMARY KEY("rowid")
);
CREATE TABLE IF NOT EXISTS "resource_dvd" (
	"rowid"	integer NOT NULL UNIQUE,
	"resource_id"	integer,
	"resource_dvd_disk_id"	integer,
	"modified_date"	datetime,
	"start_pos"	int64 DEFAULT -1,
	"end_pos"	int64 DEFAULT -1,
	"poster_frame_pos"	int64 DEFAULT -1,
	"width"	integer,
	"height"	integer,
	"duration"	int64,
	"repeating"	boolean,
	"clip_title"	integer,
	"clip_chapter"	integer,
	"clip_angle"	integer,
	"clip_audio"	integer,
	"clip_subpicture"	integer,
	"clip_segment_start_pos"	int64,
	"clip_segment_duration"	int64,
	"clip_fps_flag"	integer,
	"thumbnail"	jpeg,
	PRIMARY KEY("rowid"),
	FOREIGN KEY("resource_dvd_disk_id") REFERENCES "resource_dvd_disk"("rowid") ON DELETE CASCADE ON UPDATE CASCADE,
	FOREIGN KEY("resource_id") REFERENCES "resource"("rowid") ON DELETE CASCADE ON UPDATE CASCADE
);
CREATE TABLE IF NOT EXISTS "resource_color" (
	"rowid"	integer NOT NULL UNIQUE,
	"resource_id"	integer,
	"color"	integer,
	PRIMARY KEY("rowid"),
	FOREIGN KEY("resource_id") REFERENCES "resource"("rowid") ON DELETE CASCADE ON UPDATE CASCADE
);
CREATE TABLE IF NOT EXISTS "resource_audio" (
	"rowid"	integer NOT NULL UNIQUE,
	"resource_id"	integer,
	"file_id"	integer,
	"original_filename"	text,
	"filesize"	int64,
	"modified_date"	datetime,
	"start_pos"	int64 DEFAULT -1,
	"end_pos"	int64 DEFAULT -1,
	"duration"	int64,
	"repeating"	boolean,
	"video_stream_count"	integer,
	"audio_stream_count"	integer,
	"video_stream_type"	integer DEFAULT -1,
	"audio_stream_type"	integer DEFAULT -1,
	"audio_stream_profile"	integer DEFAULT -1,
	PRIMARY KEY("rowid"),
	FOREIGN KEY("file_id") REFERENCES "file"("rowid") ON DELETE SET NULL ON UPDATE CASCADE,
	FOREIGN KEY("resource_id") REFERENCES "resource"("rowid") ON DELETE CASCADE ON UPDATE CASCADE
);
CREATE TABLE IF NOT EXISTS "resource" (
	"rowid"	integer NOT NULL UNIQUE,
	"resource_hash"	integer,
	"resource_uid"	text,
	"resource_type"	int8,
	"title"	text COLLATE UTF8_U_CI,
	"author"	text COLLATE UTF8_U_CI,
	"copyright"	text COLLATE UTF8_U_CI,
	"description"	text,
	"tags"	text COLLATE UTF8_U_CI,
	PRIMARY KEY("rowid")
);
CREATE TABLE IF NOT EXISTS "presentation_property_group_global" (
	"rowid"	integer NOT NULL UNIQUE,
	"link_id"	integer,
	"group_name"	text,
	PRIMARY KEY("rowid"),
	FOREIGN KEY("link_id") REFERENCES "presentation"("rowid") ON DELETE CASCADE ON UPDATE CASCADE
);
CREATE TABLE IF NOT EXISTS "presentation_property_group" (
	"rowid"	integer NOT NULL UNIQUE,
	"link_id"	integer,
	"group_name"	text,
	PRIMARY KEY("rowid"),
	FOREIGN KEY("link_id") REFERENCES "presentation"("rowid") ON DELETE CASCADE ON UPDATE CASCADE
);
CREATE TABLE IF NOT EXISTS "presentation_property_global" (
	"rowid"	integer NOT NULL UNIQUE,
	"group_id"	integer,
	"value_type"	byte,
	"key"	text,
	"value"	text,
	PRIMARY KEY("rowid"),
	FOREIGN KEY("group_id") REFERENCES "presentation_property_group_global"("rowid") ON DELETE CASCADE ON UPDATE CASCADE
);
CREATE TABLE IF NOT EXISTS "presentation_property" (
	"rowid"	integer NOT NULL UNIQUE,
	"group_id"	integer,
	"value_type"	byte,
	"key"	text,
	"value"	text,
	PRIMARY KEY("rowid"),
	FOREIGN KEY("group_id") REFERENCES "presentation_property_group"("rowid") ON DELETE CASCADE ON UPDATE CASCADE
);
CREATE TABLE IF NOT EXISTS "presentation" (
	"rowid"	integer NOT NULL PRIMARY KEY AUTOINCREMENT UNIQUE,
	"presentation_uid"	text,
	"presentation_rev_uid"	text,
	"presentation_global_uid"	text,
	"presentation_type"	int8,
	"aspect_ratio"	text,
	"group_level"	integer,
	"order_index"	integer,
	"thumbnail_slide_id"	integer,
	"layout_revision"	integer DEFAULT 1,
	"thumbnail_desired_rev"	integer DEFAULT 1,
	"thumbnail_rev"	integer DEFAULT 1,
	"thumbnail"	jpeg,
	"auto_theme"	boolean,
	"looping"	boolean,
	"title"	text COLLATE UTF8_U_CI,
	"author"	text COLLATE UTF8_U_CI,
	"copyright"	text COLLATE UTF8_U_CI,
	"administrator"	text COLLATE UTF8_U_CI,
	"description"	text,
	"tags"	text COLLATE UTF8_U_CI,
	"reference_number"	text COLLATE UTF8_U_CI,
	"vendor_id"	integer,
	"notes"	text,
	"modified_date"	datetime,
	"ready"	integer DEFAULT 1,
	"error_no"	integer,
	FOREIGN KEY("thumbnail_slide_id") REFERENCES "slide"("rowid") ON DELETE SET NULL ON UPDATE CASCADE
);
CREATE TABLE IF NOT EXISTS "info" (
	"rowid"	integer NOT NULL UNIQUE,
	"version"	text,
	"version_min"	text,
	PRIMARY KEY("rowid")
);
CREATE TABLE IF NOT EXISTS "file" (
	"rowid"	integer NOT NULL UNIQUE,
	"file_hash"	text,
	"filename"	text,
	"shared_filename"	text,
	PRIMARY KEY("rowid")
);
CREATE TABLE IF NOT EXISTS "element_property_group" (
	"rowid"	integer NOT NULL UNIQUE,
	"link_id"	integer,
	"group_name"	text,
	PRIMARY KEY("rowid"),
	FOREIGN KEY("link_id") REFERENCES "element"("rowid") ON DELETE CASCADE ON UPDATE CASCADE
);
CREATE TABLE IF NOT EXISTS "element_property" (
	"rowid"	integer NOT NULL UNIQUE,
	"group_id"	integer,
	"value_type"	byte,
	"key"	text,
	"value"	text,
	PRIMARY KEY("rowid"),
	FOREIGN KEY("group_id") REFERENCES "element_property_group"("rowid") ON DELETE CASCADE ON UPDATE CASCADE
);
CREATE TABLE IF NOT EXISTS "element" (
	"rowid"	integer NOT NULL UNIQUE,
	"slide_id"	integer,
	"element_uid"	text,
	"element_type"	int8,
	"element_style_type"	int8,
	"order_index"	integer,
	"x"	double,
	"y"	double,
	"width"	double,
	"height"	double,
	"background_resource_id"	integer,
	"foreground_resource_id"	integer,
	"internal_mute"	boolean,
	"from_master"	boolean,
	PRIMARY KEY("rowid"),
	FOREIGN KEY("background_resource_id") REFERENCES "resource"("rowid") ON DELETE SET NULL ON UPDATE CASCADE,
	FOREIGN KEY("slide_id") REFERENCES "slide"("rowid") ON DELETE CASCADE ON UPDATE CASCADE,
	FOREIGN KEY("foreground_resource_id") REFERENCES "resource"("rowid") ON DELETE SET NULL ON UPDATE CASCADE
);
INSERT INTO "slide" ("rowid","presentation_id","title","slide_uid","slide_rev_uid","order_index","layout_flag","theme_id","theme_slide_uid","modified_theme_id","modified_theme_layout_revision","layout_revision","thumbnail_desired_rev","thumbnail_rev","thumbnail") VALUES (1,2,'Master','MASTER',NULL,0,2083,NULL,'SONG',NULL,NULL,4174860020257587200,4174860020407756801,4174860020257652736,NULL);
INSERT INTO "slide" ("rowid","presentation_id","title","slide_uid","slide_rev_uid","order_index","layout_flag","theme_id","theme_slide_uid","modified_theme_id","modified_theme_layout_revision","layout_revision","thumbnail_desired_rev","thumbnail_rev","thumbnail") VALUES (2,1,'','1-87C52416-E36B-423B-9B70-9CE8B342E36E',NULL,0,2083,2,'MASTER',NULL,NULL,4174860024868184065,4174876364871336961,4174876364871336961,X'ffd8ffe000104a46494600010100000100010000ffdb0043000302020302020303030304030304050805050404050a070706080c0a0c0c0b0a0b0b0d0e12100d0e110e0b0b1016101113141515150c0f171816141812141514ffdb00430103040405040509050509140d0b0d1414141414141414141414141414141414141414141414141414141414141414141414141414141414141414141414141414ffc000110800c0012003012200021101031101ffc4001f0000010501010101010100000000000000000102030405060708090a0bffc400b5100002010303020403050504040000017d01020300041105122131410613516107227114328191a1082342b1c11552d1f02433627282090a161718191a25262728292a3435363738393a434445464748494a535455565758595a636465666768696a737475767778797a838485868788898a92939495969798999aa2a3a4a5a6a7a8a9aab2b3b4b5b6b7b8b9bac2c3c4c5c6c7c8c9cad2d3d4d5d6d7d8d9dae1e2e3e4e5e6e7e8e9eaf1f2f3f4f5f6f7f8f9faffc4001f0100030101010101010101010000000000000102030405060708090a0bffc400b51100020102040403040705040400010277000102031104052131061241510761711322328108144291a1b1c109233352f0156272d10a162434e125f11718191a262728292a35363738393a434445464748494a535455565758595a636465666768696a737475767778797a82838485868788898a92939495969798999aa2a3a4a5a6a7a8a9aab2b3b4b5b6b7b8b9bac2c3c4c5c6c7c8c9cad2d3d4d5d6d7d8d9dae2e3e4e5e6e7e8e9eaf2f3f4f5f6f7f8f9faffda000c03010002110311003f00fcaaa28a2800a28a2800a28a2800a28a2800a28a2800a28a2800a28a2800a28a2800a28a2800a28a2800a28a2800a28a2800a28a2800a28a2800a28a2800a28a2800a28a2800a28a2800a28a2800a28a2800a28a2800a28a2800a28a2800a28a2800a28a2800a28a2800a28a2800a28a2800a28a2800a28a2800a28a2800a28a2800a28a2800a28a2800a28a2800a28a2800a28a2800a28a2800a28a2800a28a2800a28a2800a28a2800a28a2800a28a2800a28a2800a28a2800a28a2800a28a2800a28a2800a28a2800a28a2800a28a2800a28a2800a28a2800a28a2800a28a2800a28a2800a28a2800a28a2800a28a2800a28a2800a28a2800a28a2800a28a2800a28a2800a28a2800a28a2800a28a2800a28a2800a28a2800a28a2800a28a2800a28a2800a28a2800a28a2800a28a2800a28a2800a28a2800a28a2800a28a2800a28a2800a28a2800a28a2800a28a2800a28a2800a28a2800a28a2800a28a2800a28a2800a28a2800a28a2800a28a2800a28a2800a28a2800a28a2800a28a2800a28a2800a2bedaff00826e7ecade0cf8ff000fc49f1278af48b8f19cfe13b28a4d3bc1d6b7df633a94f22ccca1e50ca54130841f305cb92dc0c1cdfda67c1de14d72cbc3fe12d07f667f11fc16f8b7a9eb96f69636b35f4f7567aa5bb874291bcbb10bf9ad072ab8c1396a00f8de8afb0fc49ff04c3f887a2693af47a7f8bfc11e24f19787ec86a3abf83348d55a4d52d212bb81f2ca005b69071919c8da5b2b9e7fe12ffc13dbc71f16be12f863e2441e2df057877c2daedf4962936bdaa3dac9032492c7970d16d6dcf110aa8ccc77af006e2a01f2e515f5337fc138fe2c1fda466f8371ff0064c9abc5a7aeb126b3f6871a7a5896da272c537fdfca6dd99dc0f61baab7c5efd823c4df0a3e11eb3f12e0f1f780fc69e12d32fa3d3a49fc31aac977234cce89b788b602a5c6e52f9039c723201f31515ed7fb247827e177c40f8b7a668ff14f5bd5b4ad32e6e6da0b2b7d2adfcc37d70f32208247c131a306e5c723b63ad759ff000513f84de13f827fb526bde14f05690ba1f87edaceca58acd269250acf02b39dd233372493c9a00f9a28a28a0028a28a0028a28a0028a28a0028a28a0028a28a0028a28a0028a28a0028a28a0028a28a0028a28a0028a28a0028a28a0028a28a00fa77f637b0f05b43ae6a175f1deffe05fc43b59a31a56a31452b5a5e5b153e6c7294da07cc13867c73f75bb7d87f153f6f5f04fc3ff077c23d0353f1f41f1dfc65e1ff0014db6afab788f4fd2c5ac505ac6d206f2f808f37972ec5da79c12c54919fc9fa2803f587c3ff00197e05fc13fda1fe287ed2763f1874ff001647e27d225874bf08595a4c3506b890c2e6394301b1775b800b05003f246d1bbe68f88ff1a7c1dadffc132be1afc3fb4d7ed64f1c69fe2e9f51bcd1625612c10b3ea043f4db8fdf45d0ff0010af8d68a00fd8ed7ff6ccf855ad7eda9ab5c58eb973af7827c43f0dd342bcd7740b19ee5b4e9d2f2e5c974442e1024dcb0520164cf1923ccfe2ff00c3df097c21ff008258789f44f0a78aef3c5ba3df78b619adb57bfd225d2fed521961dcb14529dccaab137cfd18abe3815f9dbf0a7e2f78bfe0878be2f1478235a9741d76289e15bb8a28e43b1b1b94ac8aca41c0ea2ba2f8cffb507c53fda152ca3f883e32bef115bd93992ded5d2382de37231bc4512a26ec1237633824679a00dbfd917c35e0dd5fe2e697abf8d3e21d87c3eb0f0f5ddaead14d7f6924e2f9e2b846302ec23692013b8e47b57b5ffc14cb52f865f147e245c7c52f037c52d2fc5777aa496ba7c9e1db3b49565b68e3b720ce656c061ba351b42e7e71e95f13d140051451400514514005145140051451400514514005145140051451400514514005145140051451400514514005145140051451400514514005145140051451400514514005145140051451400514514005145140051451400514514005145140051451400514514005145140051451400514514005145140051451400514514005145140051451400514514005145140051451400514514005145140051451400514514005145140051451400514514005145140051451400514514005145140051451400514514005145140051451400514514005145140051451400514514005145140051451400514514005145140051451400514514005145140051451400514514005145140051451400514514005145140051451400514514005145140051451400514514005145140051451400514514005145140051451400514514005145140051451400514514005145140051451400514514005145140051451400514514005145140051451400514514005145140051451400514514005145140051451401fffd9');
INSERT INTO "slide" ("rowid","presentation_id","title","slide_uid","slide_rev_uid","order_index","layout_flag","theme_id","theme_slide_uid","modified_theme_id","modified_theme_layout_revision","layout_revision","thumbnail_desired_rev","thumbnail_rev","thumbnail") VALUES (3,1,'','1-2A6B58E7-47B2-4E1A-91E7-E8E15CCF7EDB',NULL,1,2083,2,'MASTER',NULL,NULL,4174860025368354817,4174876364871402497,4174876364871402497,X'ffd8ffe000104a46494600010100000100010000ffdb0043000302020302020303030304030304050805050404050a070706080c0a0c0c0b0a0b0b0d0e12100d0e110e0b0b1016101113141515150c0f171816141812141514ffdb00430103040405040509050509140d0b0d1414141414141414141414141414141414141414141414141414141414141414141414141414141414141414141414141414ffc000110800c0012003012200021101031101ffc4001f0000010501010101010100000000000000000102030405060708090a0bffc400b5100002010303020403050504040000017d01020300041105122131410613516107227114328191a1082342b1c11552d1f02433627282090a161718191a25262728292a3435363738393a434445464748494a535455565758595a636465666768696a737475767778797a838485868788898a92939495969798999aa2a3a4a5a6a7a8a9aab2b3b4b5b6b7b8b9bac2c3c4c5c6c7c8c9cad2d3d4d5d6d7d8d9dae1e2e3e4e5e6e7e8e9eaf1f2f3f4f5f6f7f8f9faffc4001f0100030101010101010101010000000000000102030405060708090a0bffc400b51100020102040403040705040400010277000102031104052131061241510761711322328108144291a1b1c109233352f0156272d10a162434e125f11718191a262728292a35363738393a434445464748494a535455565758595a636465666768696a737475767778797a82838485868788898a92939495969798999aa2a3a4a5a6a7a8a9aab2b3b4b5b6b7b8b9bac2c3c4c5c6c7c8c9cad2d3d4d5d6d7d8d9dae2e3e4e5e6e7e8e9eaf2f3f4f5f6f7f8f9faffda000c03010002110311003f00fcaaa28a2800a28a2800a28a2800a28a2800a28a2800a28a2800a28a2800a28a2800a28a2800a28a2800a28a2800a28a2800a28a2800a28a2800a28a2800a28a2800a28a2800a28a2800a28a2800a28a2800a28a2800a28a2800a28a2800a28a2800a28a2800a28a2800a28a2800a28a2800a28a2800a28a2800a28a2800a28a2800a28a2800a28a2800a28a2800a28a2800a28a2800a28a2800a28a2800a28a2800a28a2800a28a2800a28a2800a28a2800a28a2800a28a2800a28a2800a28a2800a28a2800a28a2800a28a2800a28a2800a28a2800a28a2800a28a2800a28a2800a28a2800a28a2800a28a2800a28a2800a28a2800a28a2800a28a2800a28a2800a28a2800a28a2800a28a2800a28a2800a28a2800a28a2800a28a2800a28a2800a28a2800a28a2800a28a2800a28a2800a28a2800a28a2800a28a2800a28a2800a28a2800a28a2800a28a2800a28a2800a28a2800a28a2800a28a2800a28a2800a28a2800a28a2800a28a2800a28a2800a28a2800a28a2800a28a2800a28a2800a28a2800a2bedaff00826e7ecade0cf8ff000fc49f1278af48b8f19cfe13b28a4d3bc1d6b7df633a94f22ccca1e50ca54130841f305cb92dc0c1cdfda67c1de14d72cbc3fe12d07f667f11fc16f8b7a9eb96f69636b35f4f7567aa5bb874291bcbb10bf9ad072ab8c1396a00f8de8afb0fc49ff04c3f887a2693af47a7f8bfc11e24f19787ec86a3abf83348d55a4d52d212bb81f2ca005b69071919c8da5b2b9e7fe12ffc13dbc71f16be12f863e2441e2df057877c2daedf4962936bdaa3dac9032492c7970d16d6dcf110aa8ccc77af006e2a01f2e515f5337fc138fe2c1fda466f8371ff0064c9abc5a7aeb126b3f6871a7a5896da272c537fdfca6dd99dc0f61baab7c5efd823c4df0a3e11eb3f12e0f1f780fc69e12d32fa3d3a49fc31aac977234cce89b788b602a5c6e52f9039c723201f31515eb7fb3c78dfe15780757d6b53f8a1e00baf88c82d9574ad261d41eca113eff99e5910e7685c8036b0c9e9debe8bfdb83e07fc2ad3ff00671f84df19fe1ef8567f87777e2f97cbb8f0ccd7925c2b46627712aef2480a635e576865990ed06803e19a28a2800a28a2800a28a2800a28a2800a28a2800a28a2800a28a2800a28a2800a28a2800a28a2800a28a2800a28a2800a28a2800a28a2803e9dfd8dec3c16d0eb9a85d7c77bff00817f10ed668c695a8c514ad69796c54f9b1ca53681f304e19f1cfdd6edf61fc54fdbd7c13f0ffc1df08f40d4fc7d07c77f19787fc536dabeade23d3f4b16b1416b1b481bcbe023cde5cbb1769e704b152467f27e8a00fd61f0ff00c65f817f04ff00687f8a1fb49d8fc61d3fc591f89f48961d2fc21656930d41ae2430b98e50c06c5dd6e002c1400fc91b46ef9a3e23fc69f076b7ff0004caf86bf0fed35fb593c71a7f8ba7d46f34589584b042cfa810fd36e3f7d1743fc42be35a2803f63b5ffdb33e156b5fb6a6ad7163ae5cebde09f10fc374d0af35dd02c67b96d3a74bcb9725d110b8409372c14805933c648f33f8bff0f7c25f087fe0961e27d13c29e2bbcf16e8f7de2d866b6d5eff0048974bfb548658772c514a7732aac4df3f462af8e057e76fc29f8bde2ff821e2f8bc51e08d6a5d075d8a27856ee28a390ec6c6e52b22b290703a8ae8be33fed41f14ff006854b28fe20f8cafbc456f64e64b7b5748e0b78dc8c6f1144a89bb048dd8ce0919e6803bdfd87bc19f053c49f126eb53f8e1e2c8342f0ee8e915c5b69570afb35594b1f91dd012117682ca002db80c819cfad7fc14375bf067c5a03c69a57c7fd17c69269cf1e9fa2781347d065b2834eb3279d8ed2b024055dcdb416c0036aaaa8f85a8a0028a28a0028a28a0028a28a0028a28a0028a28a0028a28a0028a28a0028a28a0028a28a0028a28a0028a28a0028a28a0028a28a0028a28a0028a28a0028a28a0028a28a0028a28a0028a28a0028a28a0028a28a0028a28a0028a28a0028a28a0028a28a0028a28a0028a28a0028a28a0028a28a0028a28a0028a28a0028a28a0028a28a0028a28a0028a28a0028a28a0028a28a0028a28a0028a28a0028a28a0028a28a0028a28a0028a28a0028a28a0028a28a0028a28a0028a28a0028a28a0028a28a0028a28a0028a28a0028a28a0028a28a0028a28a0028a28a0028a28a0028a28a0028a28a0028a28a0028a28a0028a28a0028a28a0028a28a0028a28a0028a28a0028a28a0028a28a0028a28a0028a28a0028a28a0028a28a0028a28a0028a28a0028a28a0028a28a0028a28a0028a28a0028a28a0028a28a0028a28a0028a28a0028a28a0028a28a0028a28a0028a28a0028a28a0028a28a0028a28a0028a28a0028a28a0028a28a0028a28a0028a28a0028a28a0028a28a0028a28a0028a28a00fffd9');
INSERT INTO "slide" ("rowid","presentation_id","title","slide_uid","slide_rev_uid","order_index","layout_flag","theme_id","theme_slide_uid","modified_theme_id","modified_theme_layout_revision","layout_revision","thumbnail_desired_rev","thumbnail_rev","thumbnail") VALUES (8,4,'','1-0AEB558D-B27A-4BB9-A5B7-6CA2677D28D7',NULL,0,3,2,'BLANK',NULL,NULL,4174876375991813121,4174876375991878657,4174876375991878657,X'ffd8ffe000104a46494600010100000100010000ffdb0043000302020302020303030304030304050805050404050a070706080c0a0c0c0b0a0b0b0d0e12100d0e110e0b0b1016101113141515150c0f171816141812141514ffdb00430103040405040509050509140d0b0d1414141414141414141414141414141414141414141414141414141414141414141414141414141414141414141414141414ffc000110800c0012003012200021101031101ffc4001f0000010501010101010100000000000000000102030405060708090a0bffc400b5100002010303020403050504040000017d01020300041105122131410613516107227114328191a1082342b1c11552d1f02433627282090a161718191a25262728292a3435363738393a434445464748494a535455565758595a636465666768696a737475767778797a838485868788898a92939495969798999aa2a3a4a5a6a7a8a9aab2b3b4b5b6b7b8b9bac2c3c4c5c6c7c8c9cad2d3d4d5d6d7d8d9dae1e2e3e4e5e6e7e8e9eaf1f2f3f4f5f6f7f8f9faffc4001f0100030101010101010101010000000000000102030405060708090a0bffc400b51100020102040403040705040400010277000102031104052131061241510761711322328108144291a1b1c109233352f0156272d10a162434e125f11718191a262728292a35363738393a434445464748494a535455565758595a636465666768696a737475767778797a82838485868788898a92939495969798999aa2a3a4a5a6a7a8a9aab2b3b4b5b6b7b8b9bac2c3c4c5c6c7c8c9cad2d3d4d5d6d7d8d9dae2e3e4e5e6e7e8e9eaf2f3f4f5f6f7f8f9faffda000c03010002110311003f00fcaaa2becbfd80be087c33f8a3f0e7e3f788fe23785e6f1347e0cd023d56c52db519ace58c886f24936346c14b3792982eae0103e52320fa87887f67af829f17be0bfc07f8b3e0bf00cde05b4d6fc7561e18d6fc3afab5c5d47736d25d342ffbe6218b7eec61d361c3b679506803f3928afd54f107ec97fb3478a3f6b8bcf805e1df05f88744d72d67b7d5751d54eab23db4166b64933dadb079598f9a5e2dcf202ca5e4da405515cdfc73fd9abe07cff043e275cdbe91e08f875e2cf0b879fc36da1f8ec6a973a9c31125e2b981e43fbd654c60027738c1f948600fccfa2bf58bc0bfb1cfc2bb9f80de06d7bc07f0874cf8f71ea1a64773e23d457c652d86a70cec8ace9042a446aca4b8f2cb2b02814e4e5a97c31fb15fc1bf857e19f86163e2cf0b78575f3e27b08afbc47aef8a3c6c74ab9b249429c59401d048b1ee3f3705b68e727800fc9ca96d2d27d42ee1b5b5864b9b99dd638a1850bbc8e4e1555472492400057e89fc13fd943e08378cbf6af8b5db26f883e13f87da747a9e857da66b0eb22c0d6f753911cb0b88e4902a2265d597727ddea0f417df0cbe065bf813f661f8f9e0ef863368367ae78ce1d12efc38faddc3891bccb98a399a62492d14f6a24180bbc7cadc1e003f3635ff000e6ade13d524d375bd2ef746d4620a5ecf50b7782640464128e01190411c77aceafd52fdb2e0f04fc4dfdbb6d3c0369f00e7f1f78dd27b4bbd46fe1f145c5a7f6b5a0d398adbbc7c476c88cd0b34c1b3887183bc8ac6fda2ff0064cf86177fb24f8fbc77a6f827c37e01f1e783aee18a4b6f08f8ba4d72100cd123c3741b0b1c9895be5c6e0554ee2095a00fcdcd57c21aee85a5e9da9ea5a2ea3a7e9ba8a97b2bcbab492286e94004989d800e30472a4f515d07c58f829e37f819ae5a68fe3bf0f5c787353bbb517905bdcba333c2599038d8c4637230fc2bf467f6cff889f0c6cbf626f81125ff00c24fed1875bf0fdd45e1b87fe123b98bfe11c94db42165c85cdded2c876c9807cbc7f11aeb3e247ec4bf0cfc53fb59c716b76fac5c781bc35f0de2f125fe9926b579773dedc1bab9409e6cf2bc891ed8d8954751955c63731a00fc84a2bee9f885f0a7e127c7bfd8abc57f1c3e1ef801be166bbe10d6e3d36f34b875596f6daf606681436641c3817487200fb8c0e7231f4c6aff00b30fecbbe13fdabfc13f05e6f84377757de32f0d36a09a89f105e1b7b428b74e4ac6642fbd85b382dbf0309b54658900fc7eaf51b6fd96be315df85478961f85fe2d97423109d6f57479ca344467cc1f2e4a639dc0631ce715cf7c64f06db7c39f8bde39f09d9caf3da683aedf6970cb2fdf7482e1e2563ee42035fa17ff0004f2f8b9f176eb54d6fe307c50f1fea9a7fc11f0b690f6528d4e629637322aaa430db400052e981f322ee2db5392e6803f312b5bc45e10d77c1f3dbc3af68ba8e8935c4427863d46d24b769632701d438195c83c8e38adef1178cb43d77e336a7e2b9bc3e2e3c3779afcbaa3f87c4e6dc3dabdc190daf989931e50ecdcbcaf51d2bf467fe0a99adf8235cd7be1ff00830fc394b9f1c788340d3e3d0fc5926bb3c6ba3c4f798f24db05d930203aef7391e667f845007e595767a8fc1af1a693f0b74bf89177a05c41e08d52ecd859eb2cc9e54d3832028006dd9fdccbd463e435fa9d7ffb11fecfdf0ebc6369f0e7c4da0785a2d00e961afbc6bac78ebec7aeade1425644b22e1550900018dbf3648201cea7c1ff00d9434cf8f1fb14fc29f86d79af5bcbe1ad13c7fa95c5ede5b4c376a3696d75a9c7b6dd8704cbb97e607842cc33b70403f1aab53c37e14d6fc63a89d3f40d1eff005cbf0864fb2e9b6af712ec18cb6d404e06473ef5fa37fb3f7c07fd9ffe367c67f8c76ba7fc3eb3d2f52f0bb2e9de18f877aff882f2c8dfc8865596e2e2477925de5d554a2656305432927757affec99e04d13e127edc5368137c0c6f85baf6a1e0e7b989a1f1149a95982972c2692dd8921d655680156da63309c0f9c9201f8e5246d148c8ea51d490cac3041ee08a4af51fda37c63e07f1a7c459aefc07f0fbfe15ce9b0235bdd69ffdb33ea7f69b913485ae3cc94029b9591760e06ccf735e5d400514514005145140051451400514514005145140051451401f73ff00c1383e307843e12fc2efda45fc4fa96811dd5f786e31a768bafdc2c71eb122417b9b608595a40c5911954e71201c64579e7c4afdbe7c41e3893e19e9ba37837c3de0af05f80b57b7d734ff000c68d1badbcd75149bc348d9ce3264fba01fdeb92589c8f9dfc1be06f11fc45d762d17c2da16a3e22d5e50592c74bb57b898a8c65b6a027032327a0ef5abe2cf837e3cf0278a6c7c35e21f06eb9a37882fdd23b2d36f34f9639ee99d82a0890ae64258851b739271d6803d37c51fb67f8d758fdaae4f8f7a4dbd8e81e2b2f0b0b48434b6a552d52d9a360c72caf1a10c320fcc7041008ea3e26fedb3a0fc41f0ff008996d7e03780740f16788ede58750f12dac123ccad2ffad9604271148d93f3649e4e73939f21bafd9afe2d5869bad6a177f0cbc5d6965a28dda94d71a25cc6b683607cc9b906dc232b9cf45209e0e699e1dfd9c3e2cf8bf44b4d6741f861e32d6b48bb5df6f7fa7e81773c132e48ca48919561904641ed401f40781ffe0a251fc340badf857e0af81f42f885fd9c34e6f145a2cc9bc6d55691adc3052edb43124f27ae79154b4aff0082845debde08d07c39f157e16f847e2d1f0fc661d2b54d663786ee14e3e4764c875c2a8c00b90a3392335e07e1df809f12bc59e2bd47c31a3f807c49a878874d205fe990e9731b8b3246479c9b731e7b6ec66b9bf16f8335ff0000ebb71a2f89b45d43c3fabdbe3cdb1d4ed9ede64cf4251c0383d8f7a00f7bf0b7edbdad78425f8d7fd99e0cf0ee9f69f13f4c1a55cd85844f6f6da5c2209a0516d1ab60616627078caf419c562de7ed7de259bf674f875f096d74bb1b2b4f046bdff09069fac46ced70f3896e6550ea4edc06ba6e83f807bd78351401f6eea7ff000546d6ef3e24e83f112d7e1678474df1dd9baa6a5ad5bf9de66a76c2092236cd96ca27ceac0ee243451f240c1e4fc77fb7edc789fe147c41f879a17c2ef0a783340f18dcadddd1d27cef3965f32391a46666c3b318c0e8001c003a9f93a8a00fa74fedc573adfece9a5fc27f177c39f0d78b63d0ec2e2c343d7af848b75a709119164500ed2e80aed3c0fdda6412335d26afff000534f8837bf1f748f8a565a1689637569e1d5f0c5de8ce249acefecc4cf291202db836e7041046368ea0b03f1f51401f4afc6afdb62efe23fc25ff00855fe10f00f87be17f80e7be1a95f69ba1ef77bdb804106476c0db954380b9fdda0ce140adcf117fc143fc55e22fda7bc0df1ae5f0ae8f16b1e13d21f47b7d312497ecf3a325d217739dc0e2ed8f071f28f7af93a8a00e8be2478d6e3e24fc44f14f8baeede2b4bad7f55bad566b78492913cf334acaa4f3805c819f4afb16f3fe0a8f2eb1e08d13c23ac7c0af875adf87b478d23b2d3b51b369ade02abb43244d95538cf20773eb5f0c51401d27c48f17dbf8fbc75ad7886d341d37c2f6da8dc34f1e8fa3c422b4b407f82241f7547a57be7c65fdb9af3e3b7c2ad33c39e2af879e1c9fc5da6585be9d67e3787cc5bf8228a447ca0c9019b6104e71f3be02e6be5fa2803ec7beff00828c2f8e21d2b50f895f053c07f117c63a5dba5b41e22d52ddd24955395f3e319593924e3e55cb1c28cd72c3f6fef1c58fc33f07785347d2b4bd0a7f0bf8b25f1759ea563e62b79f24b752340632c57c9ff4b9136f750012726be61a2803ebff0012fedf5a078ffc5faeebbe2ff801e06f103eb2f0dc5cac8f3c728b98d0a79a928259772040ca386f2d49e7398aeffe0a5bf11a7fda1b40f8a50e91a2daa687a63e8b65e1c8e393ec8b64ff00790b6ede5c90a77e4728bc60107e45a2803d27e3efc5ad1fe3378da3d7b46f01e8bf0f60fb3f952e9da196314f2996491a662dfc47cc0bc00004515e6d451400514514005145140051451400514514005145140051451401fa41ff0004aa9747d47e12fc78d0b4eb3b8d4be20ded940f6fa6e9daa2e9ba85ed9aac81a3b6b839319de48661d0bc7923823b0f8c9af78af511fb31e8fe24f847aff80ecf42f88ba6dae9bab78abc431ea77f708d3869223f28936f11fccdc62350338e3f2dac2feeb4bbc86eecae65b4ba85b7c73c0e51d1bd558720fd2b4b59f1af887c477f6f7bab6bda9ea97b6c4182e6f6f249a4888391b599895e403c7a5007edc7803e2778abc43ff053bf8d1f0ef53d76f2fbc0f67e0d86e2db419e4dd6b0c863d3b732a7404fda26c9efbf9e831e4dfb05f807e337c30fd97e4f89705cf883c7fa8ded89b7f057c3d8f59f2f4eb689d8e2e67579563009cb05072173fc4e367e4e47e2cd6e1d4e6d4a3d67504d4664f2e4bb5ba7133af1f2b3e7247cabc13d87a54d67e39f1269f6b1db5af88355b6b7886d4861bd911107a001b005007ea3786ac3e30f88ff00633f8c5a1787df50b7fda2078d45e78b6d74bbc8e2d51964f25d4c6f13f09e56d00236309228ee2bc7ff00e0a9f70d0783ff00677d23c533a5cfc5ab0f0b6df133995649d498edf68998139632adc907a125c8e0d7c2da778cfc41a3eb4fac586bba9596aee086bfb6bb9239d81e0e640431e83bd67ea1a85d6ad7b35e5f5ccd7977331796e2e243249231ea598f24fb9a00af451450014514500145145001451450014514500145145001451450014514500145145001451450014514500145145001451450014514500145145007dddff04e9d26c751fd9f7f6ba96eecedeea5b6f059785e6895da26fb26a072a48e0f0391e82baaf1c7ecd5e22f8d9e1dfd8e7c13ac78d348b2d3bc61a15cb585c69de18114fa6a43a75b4db666171fe96c4055dc7cbc10cd83bb03c3bf63bfda3bc21f047e11fed07e1df12b5f0d47c6fe1a3a56922d2dfcc4337d9ef23fde1c8da374f1f3cf7f4af6cd0bf6e8f865a76b9fb215dcafabf95f0bf47bdb2f106db2c9124ba7436e9e4fcdfbc1be36c9e38c1a00e43c5fff0004dff0f69ff0d7e2d6b1e13f8cd61e32f147c347b87d6f45834892dd218a23212ad23487126c8646c28650c8c9b8e37572ff0006bf611d3fc4df07bc39f123e2278d350f08e8de26bc6b4d1acb46f0f4fab5cc8aac54dc4c2323ca88156e483918391900f55e00fdb0be1f786cfed9df6c6d4c7fc2d7fb6ffc239b2d339f37fb47679df37eeffe3ee2cf5fe2f4ae8be097edc9e0ed4bf66af0a7c2ef17f8e7c77f09b5ef0b48eb69e24f068df15edb1662b14c8a7764060318fe00dbb92b401f29fed4ff00b396b1fb2c7c61d47c09abdfc3ab7930c57769a94119896eade4076bec2495390ca464e0a9c1239afb9ffe09ede22d4fe355a683e1bd17e017c31b8f87ba0c56fa778af5ed5aca29f53ba90c44b4e09197672a4ed31bf5c161d6be22fdabfe22787fe257c4f8350f0d78afc5de35d36d74d86cceb5e35943dedc48acecc5403f2c597f957008e73ea7e81f811e28fd8ebe1feb3e02f88971af7c46d1bc67e1e8acef2ef4382047b5b8d42245321470a4f94f2063b4c801070768245007cdff00b575878534afda37e2059f8234bb8d17c2f6faac9159d85cdbc96ef0e000ea22900745dfbcaab004295181d2bca2bd6bf6aff8df07ed1bfb40f8bfe215a698da3d96af3442ded2420c8b1450c70a17238decb1866c1201240240cd792d0014514500145145001451450014514500145145001451450014514500145145001451450014514500145145001451450014514500145145007b8fecf5fb2d5f7ed01e01f8b3e28b4d7edf478be1fe8c7589ada6b7695af17cab8936290c361ff4723273f787a5735f13be14f877c0be08f036b7a3fc43d23c5fa8f882cfed37fa369d1959f467f2e27f2a6258e5b3232f00731b57d59ff04ddff9377fdb0bfec483ff00a49a8d7d3fe14ff91abfe09cdff62e6a7ffa66b6a00fc6d36938b6fb4186416fbfcbf3769d9bb19db9e99c76a7d969f75a94ad1da5b4d7522a97290465c851d4e076afd81ff85b5ad7c70f87dfb79f82bc57069975e1ff00037f68b6896d6f61143e4b03a8b8762a06f7f32d63937b658b1639e6b2be085de8df067f60bf851e27f08ea5e2dd11f53bf92eb5ed5bc09e1fb7d52eeeae5659079377e672b1295f2c63fbaa33cfcc01f9175edffb2d7ec83e3bfdadfc47aa697e0f163656da5c026bcd57567923b584b1c2465911c976c31000e8ac4e315d77fc1453c43e1ef19fed172f89bc39e12d6bc196fade956d7b7161af69a2c2e259897433f9209c2baa21dc7058ee6ef93fa0bfb20afc2dd17c4bf067c1df0c3e30687358e936d77a96ade19b6b690dfebfaacb652a4b3cd2e42858558ed8f07013a9c29001f8f5e3ef075dfc3bf1d788fc2ba84b05c5fe85a95ce99712db1262792195a36642c012a4a923201c7615855eebfb6ff85748f09fed47f10e1d1fc4d6be288af359bcbfb89ad62318b4b896e65692d5b24e5e23f293d09ed5e154005145140051451400514514005145140051451400514514005145140051451400514514005145140051451400514514005145140051451401d5f833e2b78bfe1e68fe22d2bc35e21bed174ef115afd8b56b6b493625ec3b5d7cb90771b649063fda35b96ffb46fc4db59fc1d3c5e36d5e397c1d0bdbf87dd67e74c8de3589d61fee828aaa7d80af38a2803bbd3fe3b7c41d27fe135fb1f8bb53b7ff0084d77ffc247b26c7f6a6ff00337f9dfdecf9d2e7fdf6abbf0abf691f89ff00042dee2dfc0be38d63c396770de64b676b719b777c01bcc4d94dd8006ec6700735e6f4500749f10be2578a7e2c78966f10f8c75ebef11eb52a2c6d79a84c64708bf7506785519385180326a3f01f8ffc45f0bfc5369e24f0a6b175a0ebb681c417f66fb658c3a147c1f75661f435cfd1401775dd6eff00c4dadea1ac6ab7525f6a7a85c4977757531cbcd348c59dd8fa96249fad52a28a0028a28a0028a28a0028a28a0028a28a0028a28a0028a28a0028a28a0028a28a0028a28a0028a28a0028a28a0028a28a0028a28a0028a28a0028a28a0028a28a0028a28a0028a28a0028a28a0028a28a0028a28a0028a28a0028a28a0028a28a0028a28a0028a28a0028a28a0028a28a0028a28a0028a28a0028a28a0028a28a0028a28a0028a28a0028a28a0028a28a0028a28a0028a28a0028a28a0028a28a0028a28a0028a28a0028a28a0028a28a0028a28a0028a28a0028a28a0028a28a0028a28a0028a28a0028a28a0028a28a0028a28a0028a28a0028a28a0028a28a0028a28a0028a28a0028a28a0028a28a0028a28a0028a28a0028a28a0028a28a0028a28a0028a28a0028a28a0028a28a0028a28a0028a28a0028a28a0028a28a0028a28a0028a28a0028a28a0028a28a0028a28a0028a28a0028a28a0028a28a0028a28a0028a28a0028a28a0028a28a0028a28a0028a28a0028a28a0028a28a0028a28a0028a28a0028a28a0028a28a0028a28a0028a28a0028a28a0028a28a0028a28a0028a28a0028a28a0028a28a0028a28a0028a28a0028a28a0028a28a0028a28a0028a28a0028a28a0028a28a0028a28a0028a28a0028a28a0028a28a0028a28a0028a28a0028a28a0028a28a0028a28a0028a28a0028a28a0028a28a0028a28a0028a28a00ffd9');
INSERT INTO "slide" ("rowid","presentation_id","title","slide_uid","slide_rev_uid","order_index","layout_flag","theme_id","theme_slide_uid","modified_theme_id","modified_theme_layout_revision","layout_revision","thumbnail_desired_rev","thumbnail_rev","thumbnail") VALUES (9,4,'','1-FC434998-C6F6-4597-864C-85800CB647CE',NULL,1,3,2,'BLANK',NULL,NULL,4174876377356665857,4174876377356731393,4174876377356731393,X'ffd8ffe000104a46494600010100000100010000ffdb0043000302020302020303030304030304050805050404050a070706080c0a0c0c0b0a0b0b0d0e12100d0e110e0b0b1016101113141515150c0f171816141812141514ffdb00430103040405040509050509140d0b0d1414141414141414141414141414141414141414141414141414141414141414141414141414141414141414141414141414ffc000110800c0012003012200021101031101ffc4001f0000010501010101010100000000000000000102030405060708090a0bffc400b5100002010303020403050504040000017d01020300041105122131410613516107227114328191a1082342b1c11552d1f02433627282090a161718191a25262728292a3435363738393a434445464748494a535455565758595a636465666768696a737475767778797a838485868788898a92939495969798999aa2a3a4a5a6a7a8a9aab2b3b4b5b6b7b8b9bac2c3c4c5c6c7c8c9cad2d3d4d5d6d7d8d9dae1e2e3e4e5e6e7e8e9eaf1f2f3f4f5f6f7f8f9faffc4001f0100030101010101010101010000000000000102030405060708090a0bffc400b51100020102040403040705040400010277000102031104052131061241510761711322328108144291a1b1c109233352f0156272d10a162434e125f11718191a262728292a35363738393a434445464748494a535455565758595a636465666768696a737475767778797a82838485868788898a92939495969798999aa2a3a4a5a6a7a8a9aab2b3b4b5b6b7b8b9bac2c3c4c5c6c7c8c9cad2d3d4d5d6d7d8d9dae2e3e4e5e6e7e8e9eaf2f3f4f5f6f7f8f9faffda000c03010002110311003f00fce7f0cf8fb49d2fc2965a06a7a4ff006959b5f5cdc5ee401218dd2011889f77c8cad131dd8e8c4721995ba45f883f0cc6936562fe0dba9a2b79ae67db24af8dd24488bcacc0f0628c9c9ec71d4e7ccfc2de1fbaf156bf65a458db4b797d7b2a5bdbdbc39dd24aec1514614f5240e9dfad7d23e36f0b683f0abe3878487883479ae346b0d0e18e5b8834d922b4d41becf22a4b6fb625fb420668d7cfc9f31919c820eda047cef6dace9f6969e26b78eda4f2b508d63b35601bc9c5c2480b127aec52b919fbd56ad75bf0e7fc23e2d6e74163a8ada4910bc866605e62e5a3948270300ed200e428e8724ef7c4df8676be01f1c6a7a0432dcdec766635f3c89177168d58f1e4f182c460e0f1c8078ae5ff00b0e1ff009e371f9c9ffc668190de6b16f71e12d2b4c58985ddadddd4f24c40c3248b004407af06273ff03e3bd63d6f7f61c3ff003c6e3f393ff8cd1fd870ff00cf1b8fce4ffe33401834575fad7844e95f6382e74fbcb4b9f24992299254707cc71c830e7a0159dfd870ff00cf1b8fce4ffe33401834576373f0faf2cf41b3d6a6b0b94d32f2468a0b8dec43b2fde181164743d45667f61c3ff3c6e3f393ff008cd0060d15d85ef844d968d613cfa7de41f6892568e491255f35008f0549879192791ef59bfd870ffcf1b8fce4ff00e33401834574d6be1ab79e0bc768ae41862122805f93bd179fdcfa31aaff00d870ff00cf1b8fce4ffe3340183456f7f61c3ff3c6e3f393ff008cd68dff00844e9fa5d935c69f796d24cef229952552f1948ca30cc3ca904907a73401c8515bdfd870ff00cf1b8fce4ffe3347f61c3ff3c6e3f393ff008cd0060d15d3da7872de5b7bd7682e098a20ebcc9c1f3107fcf1f426ab7f61c3ff003c6e3f393ff8cd0060d15bdfd870ff00cf1b8fce4ffe33562cfc356f71e7ee8ae47971338c17ea3fed8d00733456f7f61c3ff3c6e3f393ff008cd3a3d0616914186e30481d64ff00e33401cfd15d2dff00876de0beb98921b8089232af327404ff00d31a83fb0e1ff9e371f9c9ff00c66803068ae927f0d430456cfe5dc379d197c7ef38f99971fea7fd9fd6a1fec387fe78dc7e727ff19a00c1a2b7bfb0e1ff009e371f9c9ffc66a56f0d22dac770629f63bb460664ce54293ff2c7fda1401ce515bdfd870ffcf1b8fce4ff00e3347f61c3ff003c6e3f393ff8cd0060d15bdfd870ff00cf1b8fce4ffe3347f61c3ff3c6e3f393ff008cd0060d15bdfd870ffcf1b8fce4ff00e3355352d363b4b70eb1caa770197dd8fd635fe7400df0f6b53787759b3d4ed8edb9b4952685c053b1d5832b7cc08e081dabd37e37fc46b2d7b59b6d374fd58789f48b079e58b51fb3187ce92571bdf64aaccb948e21b73c051df35e435d35bfc35f135df8874bd0a1d1ee26d5f53b54bdb4b3880792585e332ab80b9ea80b60f38ed40146e3c402ee669a785a695bef492794cc7ea4c751ff006bc1ff003e83fef98bff008dd65d1401a9fdaf07fcfa0ffbe62ffe375dbdbfc29f19dde8b71abc3e0fbb974cb7d197c412dd22405134f695a21704ecfbbe6232fa82a78e0d79a57d71f06ff6d2d07e1ffc2ef02783b5af0ddeea70e9f797565e2192164c6a1a14b1de81689961f307d46e5f07032b11cf1c00783789b49f148f1bff00606bba55ecbe26f3e1b136f76d1492891c2f951162840386500678e9c62b9fd54c9a1ead79a65f69a6defece77b69e065877472231565388fa8208afad2e7f6f5d1757f07dd595ff00876fd753baf10cfab5ca44435b5c2cbaba5f898a990289a34410a9f2c9c2ae2455dc8de053fc54f0eea3e3bd43559b409b4e6bdf1636babe28d36eae23d6ecad5a7127950289c5b8751965629b839fbf803001c65d6ac9716d688962eff6780f983cb8fe4fde39cffaae98239a97c33a75f78c7584d2b45d1db50d41e29a6582210ee29144d2c8798c7dd4476fa0afb2ac7f6f6f04dafc46f13f886f57c6daf5a6a56d69616905eb05f22ca186ea1fb2caa2f0fda302e16432ced26f732e6352c1c7ccdf08fe30787fe1eebde1ebe9fc216d04fa6d96a96d75aae9f3dc3ddea06eace7823f312598c2a23332ff00ab442541cee3401cb7892eb57d366874bd62da76fb1451bc503c914a9024b1ac89b7085577295381f43c8ac41ab42738b3071fecc5ff00c6ebef5f00fed33e0af10781f5fd4a7f123f8422b5b7bc8a6d18dd2a4bac16f0cdbe9f089e100f9aab716e4c5b0b906462cb1e371f8f3f67cf893a47c2df89b67ab78934d9f5af0b5cdb5ce9dac69b6c544973693c2d1baaee206e52caeb923e641475b07429e87ad5d5df84b5fd3ecfc3b633c3022dedddfc91402e6084491a6158a0254bb4795009e738ee39a93528e17db258946ebb592207ff0045d7d7faf7edf5a07887c46758baf064ae2ef4d8a6d4f4dfdd8b7bdd5cea5a6dc5cca46788a4b7d2e18fa13b98fcb835e33fb597c73b0f8ede39d3752d3ed350863d3acded1a6d5f26ee466b8965dae4cb2b109e6ec1b9cf43808bb51403c9d7528dd1996c4b2a8cb3048b007bfeefdc56e789df5bb2d58691ad59dccd79a704b3481e48a71083ca468423003e6e029ee6bd4fe187ed3b6de01f83b07815e3d58da4d6fe278b51b7b67516d76da869f0dbd99752c37f932c4d21dc3e5c82b935eb1e28fdbd740d63c3be27b1d0bc3fac69da9ea5a84b736811c2a4cf21b42934bb65dab3446d8ec611c8c0f9655e3c306607c85ada5c786f58bed2755d225d3b53b199edaead2e628d25865462ae8ea62c86041041e84553fed48b1ff1e5db3f762e9ff7eebaefda1be23dafc5ef8dbe33f1a58cfa9cd67aeea325f4235820dc428fcac270ec36c6311ae0fdc45e17a0f52f851fb5ae9df0ebe1c784f47bcf0c1d6f5cd1b59b759ee6665115d6831de2df9b0390486376a5f710576f0411c525e60cf3ad2fc55e32baf84be21f0ed8d94bff00084e9d7d6facead0adbdb2f973be2de1924730f9847cdb42e4a82c4e32735cadad95f5f586a77d6fa15ccd67a622497b3a41194b657711a990f9585cb90a33d4d7d6be13fdb37c2bff00092e8767a847acf88c4771a4c72f893c652234f72b0eb42f9fed6c9e691147192898121e09c0185137c7efda4744d2fc05a8f806cbc7be20f18dceabe128f4fbad72def96e5a5ba4d5ee6e512e9d5c2c8ad04a1095672aafb79f98000f8c86ad01381683fef98bff008dd7a0c7adeabf0f7c057fa4dff8134c2be31b386facf59bfb28a4bdb7b586e25466b57db8895e489d1c95c911e38079e77e0c78eed7e17fc59f08f8baf74efed6b4d175382fa5b304032aa38621490406e320904640afaf744fdbefc31e1d9f4ef3ed3c5dafdcda6896363ff0906b0e8750be6b7bebfb831cdb6701a0956f23560ed22e6001a39462803e256d4e3540c6c70adc0629160ffe43f71f9d7536375e22f8730e81e2b874a7d3e0d4e1966d3af5e1b79239e3591e0908062231bd2442187383c115a9f1d7e364ff001717c19670c97b6fa2f873c3f65a5c1a6cef88219e38112e2489012007645f9bef10a80fdd007ad7827f6bcf0f784be03f86bc1b73a6eb7ad5c695a5dd69d3e8374f18d12f5e6d57edab3c8bb8b6f8d06c1f2672c705403bc067cd53eaaa242d3591123fcf9748b2d9e73feafbd37fb4e2dbbbec5f2faec8b1ff00a2ebde3e3a7ed33e1ef8a1acf85ae1f42d47c656da55fea7a84e3c6772eb24b1ddb2347621ed654905bdb942536c8b92edf2a29db5d1fc23fdad7c35f0bfe16e95a0ac7e269a48fc516fafea1e197613e8b3db4174b345630196e0b409c177731bbc8e10312aa770819f3ef893c4561aadfc2ba77871f498608162fb2ef498ee19666cb45919249c76ac4fed783fe7d07fdf317ff1bafb293f6fed2b4ef1ec7ade9f6fe238e21a9f8725b8bb0e16eefacac6e6f26ba866669dd9bcc4bb58943c8e0ac7862ab851f176b7790ea3ad6a1776f1f936f3dc492c719006c566240c0e3806802e25e79832ba73b0c16e238cf03a9ff555afa96afa43f873458ac74fbe37a5e66ba33c50792ce760511111e4f0b820f7c73ce07d4ff0abf6ead13c29e3db0d6b59b3f155fe8fa3685e1fd2ec34fb5bc648611690dbc77aa6249e35293bc5b86e2ca78df1b646d9740fdb8fc0de1cf02784340b6d03c48cfa2dedb5df9af387fb232d9df5b492da879992270d771cd1848e31ba2018b1024201f26f8874bbff000a49609abe8cf60f7d671dfdb2cab0e64824c947188fa1c1ebcd64ff006bc1ff003e83fef98bff008dd7aefed0ff0012fc2ff1922b1f10daeb3afdcebfa558e97a1226bd1a35c6a11450cfe7ddc922bb61b78806d2493e69e4ed24f875006a7f6bc1ff003e83fef98bff008dd1fdaf07fcfa0ffbe62ffe3759745006a7f6bc1ff3e83fef98bff8dd41797f15cc41120119ce72020ffd0501fd6a951401d1fc3ad32db5bf1ae8da6de5ff00f65da5eddc36d35eff00cf04791559f1bd33b412719e715f44fc67f115bf807e21f867c59e16bed22f3488eca4b0b1b16cdc1b668d0accb72667559e42f70cc65552858909855503e5686792ddf7c52346dd328c41fd2badf885f122e7c73e203a8c16a743b609e5c5a7db5d4d2c50aee66daa64666c658e0127eb401d27c55d5b42bff1f6ab3f86e644d118c62d9636312e04681b0a6edc8f9837f11fe95cbc132cd3c719bb081982ee6b8c0193d49fb4715ceff6adeffcfe5c7fdfd6ff001a3fb56f7fe7f2e3fefeb7f8d007a2fc4f7d12d7e22788a0f0e5ca7f61457d2a5918ef0caa620c4290c665ce7fdd03d38c573904eb24f1a1b9386600e27f7ffaf8ac4d3e7d4b53bfb6b382ee633dc4ab1460cc40dcc401ce7d4d7d41e01f807f143e0c78d6e35c8a5d2f57d734cb2d47ec16d0fd9f57b737f05d5bd84d6f3472b850e8f7a84101f0c5300fcc5403e7bba9961ba9a35b93b51ca8ccfd81ff00af8a8bed63fe7e4ffdff00ff00ee8af68f18fec7df117c05e1cf19eb9e2cd6acf491a16991ea91a1ba66fed02d78b6b247193b70c8e4e4e30498f6e55c3578efc3df0a788be25f891745d22f04730b79ef27b9bcbbf26dedade189a59a695c9c2a222313df8c0049008068ea1657361e1fd32eae0b431dd4b3344ed38cba858bfe9e33df3cf639ef591f6b1ff3f27fefff00ff007457af43fb29fc58d6628625d5b4fb983cd8ed3480fae029a93cd6a2f214b304fcde6c4db87ddf9b2adb5b8af24f87fe18f11fc4cf18e9be19d12e59f52bf7658cdc5d795146aa8ceeeee4e155515989ec14d006d5e69f3699e14b4bd9aee3f2f51943c0ab7396da9bd589fdff00a91deb0bed63fe7e4ffdff00ff00ee8af79b9fd88fe236ad0d9cfe10d522f155a3e8b69a9cb776d7244324f3fda192de0604ef252dd9b736c03215b6b100fcf5e19b4d5bc57e24d2b44b3be68ef352bb8ace16b9b831c6af238452ec7eeae48c9ec28eb60e9736b45862d5754b6b497548ac6395b69b89ee4044e3b937200f4e481cf240e6975ebb87fb7351f22fd6e21fb4c9b2649fe575dc70c3fd23a11cd7a759fec63f1aaf27d3a1fecc6825bf489a249ef8290649e5842373c38f22590af5f2d0b7a548dfb1afc588359934dbab8d3ec2769e0b6b137baa79035292580dc2adb8701891102cc1829070a46e2149e6078f7dac7fcfc9ff00bfff00fdd15b7e0d8adb50f10daa5d6b1069b046de734d717002fcbce39b8c64e3fc32700f0dfdab7bff003f971ff7f5bfc6be948ff629f8833e8d6b143ad5adcf8adb547b0bcd1adef3cd1a722589bc91ae1d492aea9805155b24e14b37cb401e13f6b1ff003f27feff00ff00f7451f6b1ff3f27fefff00ff00745773f12bf67af881f08741bed53c577969a50b6d4a4d2d2ce4d4b373752a2412318a31cb208ee617ddc70e3bf15c97c38f05f88fe286b775a7695a8476cb656536a57b7ba85d986ded2da21979647e700654000124b0001268037743b1f0ccfe07f116a5ab7886f2d35e81a08b47d36de3f323bb62dfbe69643723cb544c6300962c3b035cb7dac7fcfc9ffbff00ff00dd15eafa8fecb1f1434b82fac6eaeb4c8aeed9e67b5b5fed8432ea6d159437932da80712ec82689c9c804b6d52cdc551f88dfb3cf88fe177c364d7f58f10c336bbfdb90e8d3687a7dcfda24b5792d4dc6d9995be5947ca0a00473f7b208001e6eb721980fb563271933f03ff00262baaf89da3e9de10f174fa2699e2cd3bc596b631c71ff6be913c9f659d8a866f2cc932b10a58ae48e4a9238c54df0bfe08f8c3e237886fb4fb9be1e16b6d326b48751b9d76e1ad7c86b991638630af82647c92abc0c0249039ae9be27fec9ff12be1c786f5bf14b79d7be17b0d466b48ee84acb3cb02de49671dc18c642abcb1ed0bb8b7cca71b486201c1f837c29af7c43f11d9f87fc31617baf6b776585bd858132cd26d52cd851719e15493e801354358b945d5af425c00a277002cfc01b8ff00d3c57a0fc36f815e3bf13f86f52d5749d4f52d0fc4fa7eb50693258de48f65e45bcb617b773dccb2b3298d121b462411cab1f60789f187c33f1a783b5e6d2e45b8d5ff00e25f1ead15e68f2bdd5bcd6522864b8575ff0096783825802a41040208a00aba2d9dc788358b0d2eca757bcbdb88eda1592ed6352eec154166b9014648e490077ad2f1de9b2f85fc59a8e8d73a85b5c5ce9ceb6734b657cb342d246a11b63adc618654f22bb1f09fecabf123c71a0785f59d1752d36facbc43e79b5116a65a545821f3ae1de30376221856da1be76541962054babfec91f15340b0d72e3529acaca4d2bfb40b59cdaa85b8b95b2b68aeae1a14eae16de64973c654e3ae0100f2afb58ff9f93ff7ff00ff00ba28fb58ff009f93ff007fff00fba2b07fb56f7fe7f2e3fefeb7f8d7d07e14fd8ffc7dae5df823fb575fb0f0fe9fe2cb392facaeee6eddb6c42cdeed491801b746873b19821cabed618a00f36b486da2f0adeea0dacc1f6891c5aad8fda079bf791f7e3ed19dbc30ce31c7241201c3fb58ff009f93ff007fff00fba2bd3adbf65af88b77e1cf0c6bf0eaba5c9a3f882f058dbde2eab98e294c125c2abb0182c6389c858f7b6e1b080e42967c57fd9b7c5df067c053ebfe23f105ac5a841e206d064d1e0b867941fb2c572b303c7ca5278ced2011b86704e280389f0bdce8675cb71e23bbd41347f9bce3a5cb1b5c7dd3b7687b90bf7b19c9e99acd9aea2f3a4f2ae5fcadc766f9c6ec76ce2e3ad73dfdab7bff003f971ff7f5bfc68fed5bdff9fcb8ff00bfadfe3401bdf6b1ff003f27feff00ff00f7451f6b1ff3f27fefff00ff0074560ff6adeffcfe5c7fdfd6ff001a3fb56f7fe7f2e3fefeb7f8d006f7dac7fcfc9ffbff00ff00dd1547589c4968079de67cc38f3777af6f35bf97e359ff00dab7bff3f971ff007f5bfc6a39afae2e136cb712cab9ced772450036081ae1f6a150719f9dc28fcc915ebf67fb3e35d7c47f097861b526822d6f498f537b9b9448da3cc3248db543312998cec7200652ae76a9cd79f7c3bd4ec745f1ae8d7fa9dba5e69b6d770cd736b21f967896452f19f9d72194118cf7af70fda57c556faa78cacf556b6bbd0fc5f2aca355f367b88e4902e2289de39665314a4249b9515230bb02a2e0e403c1357f09ea9a0ea1258ea1025a5dc614bc32cf18650ca187f177041fc6a9ff0065cffde83ff0223ffe2abbcf1ef8e64f1ef8b750d7ae592de7bc65668a39c90bb51547267c9e17a9e4f7ae7fed29ff003f3ff918ff00f1fa00cab082f34dbeb6bb81edd67b791658c99e3203290471bbd457ae0fda33e26de45accabadd95bc9712ea17f2c90a5babf9b7b7b6b7370ca41f9499ad60618fbbb081d4d79c7da53fe7e7ff231ff00e3f5ad69af69b6de1ebeb37b6326a370ebb2ff00edac047182a4a797e7e0e4af5c83cd00747e24fda0fc7de2b3e2017f2e81e4ebda71d375082db4eb1823950dc0b9326d451897ce1bfccfbc0f0080001c5f80fc51e20f86de248b5cd0ae6ce1bd48a6b774b8305c433432c6d14b1491499474747652ac08c1a8bed29ff3f3ff00918fff001fa9acef6da2bb81ee2469edd5d4c9125cec2eb9e54379e7048e33838f4a00f6aff86baf1ee8fe0f9b4a817494d7e4d4a1d4edb5810596cd3e15d3d6d6182d20f2f6db98e3e1648c823d33cd788781bc45affc39f1669be24d06eedad356d3e4324323bc32a72a559591c9575656652ac0820907ad741e3ff13689e25f17ea5a9787f4aff84634499d459e91fda4f766d63540a14ccf38673f2e4b10392781d2b9efb4a7fcfcff00e463ff00c7e8f303d41bf69df89dab437361f6af0e8d3dec23b58f4ffecbb0fb2db25bc73889e188a158e4549e650ea01c37249008f158f4fb986459124851d486565b98c1047423e6af43f03ea5e11b483c432f8967d5e4bafecb9a3d1e3d2e68d50deb8daa6e19e727ca0acc4841b8900023ad72df694ff9f9ff00c8c7ff008fd007acebff00b637c67f12ea115edff8a6da5b88f5b4f100fdd5aed376b68b68095c6d28615da632369dce48cb1aeabe187ed83ab7c3d7d6db5ef0ae99ad6a6d791dde9c9672e9f6569a7cf15b3da8c43f677c7c8c03344d13b6de5c9391e1be1f874ed4f5686db52d6d748b370dbef1f7ca2321495caacf920b000e338ce7071835f52d421bad46ea68ee7e4925775ccb8382491ff2de8039afecb9ff00bd07fe0447ff00c557b8cbfb577c58ba8a09a5d47459161999eea43a7d8e6fde5b56b593ed5f2fefcbc00a317ce700f0dcd7957da53fe7e7ff00231ffe3f5b57074bb7f0adb490eb82e350b99b74f6387536e137807799f6b060ca78e47208e01200df1dfc49f15fc47d3ad6c75ab8d35ad2db50bbd4e186d22b6b648e6b958125dab1ed50bb6da10140c0dbc7535a1f02be211f83fe379759bcd3135cd32eb4fb9d36f74e4beb68c5c4334654ab79b1cd1b0070db5e361951d080472ff694ff009f9ffc8c7ff8fd1f694ff9f9ff00c8c7ff008fd007b2f8f3f6b3f1ff008d3c53e24bdd1e3d2f46b0d4ccaf6b6ae9677371a62358c76731b7b828a62692de04573104071f2aaf18e2bc7df1dbc7bf12fc3d6ba3eb97da5bc10de45a8b5c5a5bda5b5ccf751c3e4acf2cb1856924f2c0059892700f5c92cf0ad8f86a6f09f89f56d53c60ba66b7631c51e97a18b69667d50cbb9243e68b8d908897e625b25b2001dc725f694ff9f9ff00c8c7ff008fd00751e09f8d5e3df026b3ab6a969ab5a6a977aaf906f1b5e16fa9099e0757824227dff3c6ca36b750323a122aef8cfe3cfc43f887e1e9749d6afb4cbc845cbdd7dad6d6d16ee20d7325c796b700798b109a791c286c02f8e9815c57da53fe7e7ff231ff00e3f5d558f87e14f875a97899fc49a3c65af134b8f466d40ff68c870b299c4226388405da5c91f3100679c0049e15f8eff11fc1e6e1ecbc409713dcea116a5733ea324378f71225acf6a1643296df1982e668d91b2a55b04702b2fc43f123c71e31f11cda9beb02c6eee2c63d2841a44f158c09668a152d96288aa888003e5c60f24e4926b17ed29ff3f3ff00918fff001faeb7e1dd8f86b52bad62e3c45e305f0da69fa6cb79629f6696e9b51ba52a23b45d970047bf24f98e76a853d781401b70fed39f106dac7c336b0af86a34f0f69c747b461a6d9967b268e48e4b697208923904aece187cce779f980359d71fb417c41b98a488df695144e756fdd5bdb5ac31a8d4ad52d6ed55100550618d1540036e3239ae23ed29ff003f3ff918ff00f1fa920bb81268da598c910605d16e369619e403e79c7d714018b77a14f6b2aa6f81b31a3e7cf8c7de50d8fbdef5eb5a2fed35f12bc3ba3f87b4ad3efb44b5b0d1274b88618b4fb15170eb6d25aa9b8c2fef888269532d92439272dcd73df10fc51a0f89fc63a86a5e1cd1ff00e115d0e531ada68e75392f0db22c6a98333cc19c9da5892072c7000c5739f694ff009f9ffc8c7ff8fd007ae5bfed8bf16edacb4bb44d4f431069c91c7127f67588df1a59cd62a8f85f9d7ecd3bc586cf18230466b3b59fda23c6de2bb2bc1e29b7f0f78874ebfb89ae3ecb3d9da22c777fd9a960b32617e4db1ac0db5703742a46d3cd79a7da53fe7e7ff231ff00e3f5b3ac6a1a2b68da441a6dcde7da915def7ed32aecf31b68fdde2e33b70bdfd68038afecb9ff00bd07fe0447ff00c551fd973ff7a0ff00c088ff00f8aadcfb4a7fcfcffe463ffc7e8fb4a7fcfcff00e463ff00c7e80318e8b74b0aca7c8f2d98a86fb447c91827f8bdc7e74cfecb9ffbd07fe0447ffc5576dad1d2ed349d2a3b1d706a12c8ad3dc200f19b776080c6499f0d82a791c118e95956ba88b4b98a749e36789c3859583a120e7055a72187b1041a00e7bfb2e7fef41ff8111fff001551cf652dba6e731119c7c92a31fc8135da789fc59378b35cb9d56f0d85adc5c6ddf16996d0d8dbae1428d90c32a469c019daa32724f249ae7b589964b4004de61dc38f3377affd356fe54018b57f5bd7f53f12dfbdf6ada85cea77aff7ae2ee569646e49e598927924fd493de9fe1cd16e3c45ac5b69b696d35e5ddd3ac305bdb863249233055550aac4924818c77afa1fc43e0af077c3df8e1e19d3fc43610369361a4471ea82cad659ad649fecf26d2857cbfb41c98b74ab2056903952ca06403e66a2bd0be23fc2eff8579e33d47c3d3fda2e25b2318690c53c592d1abfdd7b7561f7b1c815cdff0061c5ff003c6e3f393ff8cd00757fb3dfc35d2be307c4cb6f06ea7a8b69371ab5a5d45a65d99523896fd6177b7594b03fbb774119c60e5c1cf15f4e6abfb2cfc1ef0ede6ad63a6f8c64bdd3b5ad1a2d5ac757d425b671a7e9f2eada55ac7238d836ccbe66a25c82bf2c6bc60b13f1c7f61c5ff3c6e3f393ff008cd1fd8717fcf1b8fce4ff00e33401ea9fb59fc1df0afc18f1a695a5f85eeef5d2e6cde6b9b3bfb95b8920659e48d184822849591115c0318ea70594ab1f4df07fecabf0d7c41e18f06dcea9e21bfd0adf534d1a593c4d36a96a6cafe6bb27ed561042501865b7e54bbc8c01462eaa196be654f0d42d652cfe5dc652444dbfbce77063ff003c7fd9fd6a0fec38bfe78dc7e727ff0019a00fb47c21fb2d7c30d4345f1269da9addf87b5abcd374cbdb6f0eea7a94136a969a834fa8c69a72dd8844719b9105b3ee78be55954107e527e54f811e00d27e22fc66f0f7857c4535de9ba4dedcc915dc96eeb1cf12ac6ed805d4a839503915ccff0061c5ff003c6e3f393ff8cd68e9be12177a76ad72b63772c56b023b4aab29588b4a8a093e4e0672473eb401f54f81ff0066bf859e2db1b34fed0bbd174ad70f876f91750beb79aeedccf69ac3cb6a9702018324b67020223e0cab947214572df1dbe08fc3af87bf06fc553786f4ed46f7c47a6f8974d825bdb9d4848fa75bcfa7f9af0491f9285944c5d77958db3b032a95653f377f61c5ff003c6e3f393ff8cd1fd8717fcf1b8fce4ffe3343d40fa3ff0067ff00d9e3c31e29f851a1f8d7c41a078865bdbaf1558e976973677d0cb612406ea35b99aea06b62628911b602d29f31db0142ab5723fb557813c23e0fd37e1ddd784b469ac46a363a8ff68df7db56786e6ea1d52ea1da102288d963488ed071b2488632a5e4f27ff846edff00b33cff0026e3ccf3b6759318db9ff9e355bfb0e2ff009e371f9c9ffc6687a823ea4f86bfb2afc2af167c22d23c6baaf8c6fec65b9d2a5d667d352ee05904360cc9aa46331922462f6cd0020fcaed9de456fc5fb13f82c699e029daeae25bdbf8a69753b44f10064b855d392e91e2916c188264675d90a5c6e0a407dcae47c8767e1a86ea57431dc2ed8ddf3fbcfe152d8ff53ed507f61c5ff3c6e3f393ff008cd007bb7ed47f033e1efc0dd21edf42b9d635ad5ef3c41a8595a5dcda8c2d6f6f676c2dd90b46b0832bb8b9c6f0c83f7790a73814bf64bf811e13f8df078be1f10dc5e41a85925b8b068f504b2b58fcc12ef96e24f2277555291fcc63118cb6f9132b9f227f05cf16951ea4f6572b65249e524a4be0b73dbc9ce383cf43b48ec6a9ff0061c5ff003c6e3f393ff8cd007d6f67fb1dfc3a6f0ef81ee756d5358f0eff006c5a787ef1b56bdd56d3ecfa8c97d03c971676f19894c4e8554ac8ecc00906e182a4e178fbe047c3ef097c1df1c5fda787f578fc630e99a3ea5fd937dadc53dd7874cd757714f1cc23854480a436f21caa328b88c1dbc97f16b7f0d78bfe346ab0dbdb58eabe26bfd274858d5208dd8db585ac41467100c22200327d8724d71dfd8717fcf1b8fce4ff00e33401ee1f05be0f7817569be26e93ac6ada778cee2d7c249a9e97abe8379716f0d84df6eb58e6729716f1bcad14523c8e36edf2d2400e4878fd17e2e7ecb9f087e1743e2bd47edbafea7068ba33ddc1a6c3ac40af74e75382ce09c4cd6a3f75224cd2ed58c83e51db232b061f257f61c5ff003c6e3f393ff8cd6d783be17eb1f107c456ba0f86f44d475ad62eb7793656692bc8fb54b31c793d028249ec05007a7fed6ff01fc29f06bfe114baf08dc5dc9a7eac970a5353d4527bb6f2fca2b2b44b046a8ac24e1e39268dcab6d93e535dc7847f64cf05f8bfe1a7c2fd6ecef2e9351d76fed6df543a86b915a2cbe679e648ed80b59138f294644af2a93f34396503e5e3a0c4a4830dc023823327ff0019a3fb0e2ff9e371f9c9ff00c66803d67f682f815e17f877e3ed6f4ed17c5763a6585a68d61aa5bd8eb135ccf73772cd02bcb6f0491daa82c8fb87ef960c700e181c7b178bbf657f83ba768de21874ebef1143aa587f6f5b417b75ac5b4b01934fd3adef9256896d949590ccd16c0dfc3b81278af91a2f0f2cf2a471db5cc92390aa89e612c4f400793c9ab7ad785e3b0d5aead9ad2e60789ca344e250508ea0830f041a00fabbe277eca7f07fe1bde6b174baaeb9add8691a15f6a8b6b6babc08da9886f6c608278e56b5f923992ea76daa9201e5829238dd8f9f7e2e7c22d07c13f12fe27e89a6f8bb4fb6b0f0bea325b69b6daa999ef3548c48c1444d0c2d1175500b176894e46dcf2070dfd8717fcf1b8fce4ffe335613c376eda74b3186e37aca883993a10c4ffcb1f61401f565cfec8df0ec69fe07d46ceeb54ba4d4f48b9bb6d29f5b823bfd62f23d3d6e12ded94db18d15e42c8248e4b81d13024e2ab6a1f02be1b4df0d869779a56a1e1df1240de2cbd82e8eaf6b712da8b1b3b2b88adef1a2888b8e5a441b0c654b3f05b2a3e54fec38bfe78dc7e727ff0019a9ee3c350c10dab88ee0f9d19723f79c7cecb8ff0053fecfeb401ee9f1ff00f673f03fc3e8b464d175f9345fb4ebd2e9116a3af6a09796baa582c71b26b110b584c915bb33b0da1653d02b332b0ae83e02fc04f00fc40f00dce99adeada7dedddbf8b2f208354d2657864d562874b9268ade0792032aa4b2a82330173d026e2057cc9fd8717fcf1b8fce4ffe3352b786a35b58e7f2e7daeec80664c8da14ff00cf1ff6a803ea2f127ecc1f0a345b6f105adb6abaededf9ff00849ce9f73fda56c22b43a5e996d7a91cd188332b3493490121a3cecc8507e51f25f887c3ba9784f59bad2758b2974ed4ad582cd6d3ae1d09008047d083f8d5dfec38bfe78dc7e727ff0019ab3a9db4dacdfcd7b7ef7b7979336e9279de56773ee4c3401cc515bdfd8717fcf1b8fce4ff00e3355352d363b4b70eb1caa770197df8fd635fe7400be17d7e7f0af8834fd62d78bbb19e3b981b8f964460ca7907a103debd57e3efc4d7f126aba6e912eb7178b6cf4959becfa9c328963612381b23f3215648c2471ed8f6aede78e6bc5ab6ff00e108d7ff00b5b4fd2ce91769a86a16f1ddda5b3c455e785d37a48a0f5565f981ee2800bef127f69ddc9737513cf71272d23f9449e31ff3cbd0541fdad6ff00f3e9fa43ff00c6ab2e8a00d4fed6b7ff009f4fd21ffe3547f6b5bffcfa7e90ff00f1aacbafb53e1c7ed7de03f0b5878674cbfd34c9a5d82f86e0ba846896d217860b3ba8756193cb199ded8649cbac7c90060807ca773e2fb297c3f6ba6c7a3450cb1c86496e97ca2f31cb6dcfeeb8c0623f018c739cbfed6b7ff9f4fd21ff00e355f65681fb4d7c17b2f06fc3cd2a78f5d4bcf0fb412b5dff00625ab4b6cffd95716f2aab799b5a3374d13e512390a80fbcca370f3ffda63f68cf07fc42f09ea1a3f816c5b4c8f55f114baa6a1e669715bbcb01b1d39110b06761fe936f74e543904b062589a00f9d7fb5adff00e7d3f487ff008d56fe97f1535ad17c21adf85ac2f6ead3c3dadc904ba969d1344b15db42c5a2320f2b9dac4903a6707a815db7ecbff16bc33f0a75ef10dcf8ab425d7eda4d3bed7a6406d52709aa5b48b3da3386ff009644aba483ba39e0e2be83d23f6adf81d63e29f16bc1a16a5a77872e6d61b0d3b4d3a3dbcd14903c374f702621d1c30babb6232ce86344ca1644da7403e27fed6b7ff9f4fd21ff00e3557f41b6baf14eb367a468fa35c6a7aa5e4821b6b3b58a392599cf4555116493e82bdcbe2bfed03e0af1bfc3983c3d068ed70961a87876e2cedbec515a7ee6df4936fa9a79c9f38335c046cf25800c704015d0fecc7fb4a7c37f851ab5ddd5c699a9783e31e23b4d59134eb28b567b9b28e19237b179a664741e6baca1867a1e32ab401e1e3c65ad7c43d07c37e0cd3fc3f05dc7a2c7793db43a669f6e2e660c0cd3cb33ac3ba52a919e5b8544edcd72ba8492693702defb4a9ece731a4be55c451c6db1d03a360c59c32b2b03dc3023835f5c5afed5ff000d34df0af80ac2dbc3efa75d693a4496b70b168c166b695b43b9b29192e3ed2448971713a4cc0449918662597e6f05fda53e2bd8fc63f89561e28b4b9babd8db44d2ed2e21bcb54b768a782d238a641b188653223b87e0e1f1818a3a81c6e99e2fb2d3b4bd42d8e8b14d7372a163bb7f2b742390c00f2bb82476fc6b2ffb5adffe7d3f487ff8d57dc5a67ed11f09fc67e27d4e4b799b47862d3b5ed434ebad4742b180f87a17b054b5d36d13ccdb74d1caa5d3253242ed019dcd7ce9e36f8b3e0dd63f6a1d2bc750e88faa7846ceff004a9efacae2ce2b77d545b4702dd4af02931a35c3c52c85324665e7bd1d6c1d0e235cbad42cfc31e1c92eec2f21d1eee19a6b232aa08252b33a48f1e62c120a852477183d2b9ffed6b7ff009f4fd21ffe355f74691fb667c2cd3aef4e4d525d4bc557967a7c96e9e20d4fc310865dda9bdd3c3f658ee906d921658c9f3304a056528c40f92be1678e7c3be1df8d16dae6bda583e10bcb8b9b6d474fb58558c56372924328891891bd239494c9e19179c8cd080e7f45f169d260d545b34d66f75686d9fc978d3cd46910b23623e5480720f071599fdad6ff00f3e9fa43ff00c6abedd6fdb2be0dcbe328752b2f042e82b7b657ff0068b98f4949869f7a5ad60b378a349a262ab6766436d91487bc94f3ce65baf88bf0ebc53fb3ef8f75cb5bbf0ff8721bcb1d7a2b7f0ba416114b35f5c6a4925adc2c2677b98a41037941511d152338940c8201f0eff6b5bffcfa7e90ff00f1aae8d6ff0053f005f5ec375657da06ab25844f1ab0482668a711c8a47eec1db242e1876656ee0d6b7ecebe3ed07e1bfc47fed6f10c732dabe9b7d676f7f6f671ddcba6dd4d6ef1c17690c8555da27656c641e320e40afa4f55fdadfe176a3aeeb37d3c3aadec522da8b98e6f0fda13e24823d0edac45a5c665ff004544b986494797bc013123e644a181f19ff6b5bffcfa7e90ff00f1aa3fb5adff00e7d3f487ff008d57d81a4fed57f0b34d9342b83a55cde476aa8f67a55ce816820d00a68b7568f0c4fbc9b959eee582662eabfea83302e4d7c827c4b7775e2bff00848350d9a95f497bf6eb813a8db3c85f7b6e038c31ce40f5a3a8743d127f0a7c49f818de1df1ddcf84b5ef08edb98ae34bd66e6c561559c0f3232acd0e031037283d40c8045722facea9f10fc5c59ad6f35ef126b97dcf11cd737b75349ff5c8977776fa926beb2befda47e085af89355f155de9badf8aef3c4de3087c4f3d9ded83a3d943ba569219b7ddb5b5e794d21108f2578560cc036d12f81bf6b5f867e19f196997f7177ac36a760da2cb7be318bc3769f6cd6c5a5e5d4d71049019710ac91cf6b1f981998fd8d4b0e40a3d40f9174ad2b52d77c451e81a7681777dadc92b409a7c1046f3b48b9dca10459c8c1e3d8d5fd67e29dceb9e0cf0ff008625d36c20d374469de17b6b2b68e799e57dccd34a22dd211c2aee3f2a8005759f057e2c685e01fda8f48f881aaadd1d02d7599efe416f0ac93794fe66308c4293f38e09c57bf683fb5b7c26d157508ef34793c45a99d26c6d2e35fd4fc3716ed70c22f7cd866b78aea3112b0b8b54ddbdc116b965c8420e83ea7c62356b7ff9f4fd22ff00e355a9e22f17596b57c935be8d169b6e9188d2de1f28aa8c9279f2bd49fc319c9c93ea5f033e317c35f06788ade3f13f815e6f0f49a5a47a9a4771f6a92f6fade58ee6de551201e4abc90f94eaa7fd5cf275ae93c57fb437837c5bf04efb4b9f4eb8935dbcd3a3866d122d1ede2b3b6d4bfb4bed336aa976ade66e922261d9b063cc2b9daaa2811e0b15a5e4fa05ceb91e8b70fa3db5cc76735fac3198639a45768e367f2b0199629081d4846f4a9f54f13e8d71a26936967a43dbdcdb891aea76688899d8ae303cb20602f5007503191b9be81f823fb487c30f00da6a56d7de0fb9d3f4cb9f11d8ea9069618ea51db08b4cd4adbcf2ced1b3ba4f7704a132bf70e194806ba4bbfdacfe1dbea7a8ac3a3c6b63a95fdf7f69343a0c517dbaddf438ed23255e59594b5da79cc3cc393890fcdc01823e43fed6b7ff009f4fd21ffe3547f6b5bffcfa7e90ff00f1aa9bc61a369da06bd259695abaeb964b05bc82f1621165de147923da198651d9a3c8620eccf7c562d006a7f6b5bffcfa7e90ff00f1aa82f2fa2b9882241e59ce7388ff00f65407f5aa54500747f0f3415f1478d347d1de78ed12feea2b56b9962322421e45532150ad90b9cf4edd6be91f8b3a8b7c2bf8a7e19f16f862df4dbfd16dec64d3f4e58da492e03242526176c2000cbbae0b1f2cb4382110955207c9f6f7125aca2489ca38e8475aec7e24fc465f1aebe2ef4db29f45d32342b6fa7cb7b25e7920bb3902493e63cb753cf1401d07c53b4d157c7baaaf866d21fec35318b6315a9da408d0311fb8e7e6ddcf19f41d0731058493cd1c62d6352ec172d6e140c9ee4c000fa9ae6ffb4eebfe7a9fc851fda775ff003d4fe42803d23e28683a6689f117c47a7e83699d1ad6fa586d19e3594b46ac403b9612bce33805b1d37363269f83bc1dabf8ab5a4b7d2fc3d73ab9b7537573159e9af318add083248e16dced451c963c01d4d725e1eb6d53c4fafe9ba358488d7da8dcc5690095d6343248e11773b6028c91924803a9afa03e1d7ecc9f1b6c35ed3ed55f53f07587892d56cee2eed2f23479ada7b8683c878c4b1f99ba4858989986557711b706803c43ecafff003e8bff0080bffda28fb2bffcfa2ffe02ff00f68ae9fc73f03be21fc39f0268fe2fd774f5b5d1354f2045225c45249119e133c0258d4968cc9102ea187201e8462a5f859f07f5af8c9a7f91e18d5edaebc4eb713197449f6c3e559470891eeda5638da18ecda0139e68033bc33a0b5f7f694ecf61662d6ce69365d2796d3128c02460c1f3373d3fae01c4fb2bff00cfa2ff00e02fff0068aedbe1bfc08f167c4af14f8efc33a75c24fe20f0b6973ea06cec0c776b7af15cc303451c88fb08fdf160e0b0c27be6bda74dfd81f5b163aacbab789f5582ef4dfecb4b8b0d2bc3a2f678a5bcd3d6f0aba9b88c288f718c9c9c900e0670003e60fb2bff00cfa2ff00e02fff0068ab3a7692fa8ea16d6a63b7b513cab1f9f736e5628f271b9cfd9ce1475271d2a1f0a787b52f15f8b747d2219e682d352d521d313507b7ca2349204048e991bb3b73f8d7d51acffc13eb52d23c7ba3786a4f1c5f5bcd7f3eab098750f0e35b5f48b6568f7067b6b669cf9f049e5945937a8dc40a3cc0f9a3c49a63d96b12db08edae4c091c2d35b42248999515495710618641e4706b2fecafff003e8bff0080bffda2be8393f62ad7752d3bc6b73a1f892ea7b8f0bdc69d14ba66ada40b1bcb94b8496495e38c4d267c98a1694ae72c8ae78db83e2be22f875ade95f1bb55f867a7dec7a9ead6be219bc3b6f3bedb78ee265b936eac4b1c4619803f33606793c668f20f31be1ef0f5a6abfda0da85ca6951db5abcd1b9d39a5f3a404058b020e3767ef741df8e4647d95ffe7d17ff00017ffb457a868ffb29fc65beb7b348bc34d18d5ed6d6e6ddae2ea08bf7734b308c9dcc3071693b907055232e70b826878fff0066ef1cfc30f006a5e29f115e69764965aadb6982c52fa2927b813db0b88e78829f9e328cb82327ef640d8d800f3efb2bff00cfa2ff00e02fff0068adaf16c7612eabe5e97a08d322b741048a55a6f3a45241972d6ff2eee3e51c039c7070353e1b7c0df18fc50f0ddd788b4ab9d34e8961776f6b7f236a56ab736c6695628cfd9de4573b99f0a38dc41c1e0e3b0d4bf651f1edf6a09fd97796d741d679aeeeb55b9b5d3e2871aacfa6a7ccd3104bcd0818e0e5f0030c3300790fd95ffe7d17ff00017ffb45757a2e97e135f007882e75883583e2b79618b438ac6ce216380c0dc35d3341bfee1508107249c9c0c1e7f45f00f8bb5ef8903c07696bff001538bd96c1ed25963458a58cb0977c84ec554d8e5989c00a4e715e833fecbdf14d34c6710e913d920b49eda78359b475bd37be6adaa5b9127ef9e536b20544cb71c819a00f33fb2bff00cfa2ff00e02fff0068ae9a5f0968d07c3b875a7d614f89a7d43c88fc3a9a3b9c598439ba6b8f2768fde0d8230093cb1206335be20fc23f1afc3696c86a51db5f4178b3f9377a35e43a8405a07093a19216601a36650c0f4dca7a3027d2bc49fb1e7c54b69aeedf4c5d2f5f8348d2ed6ee5b9d3b528184a67b537de4c60b65e45899895039508c32244dc01e31f657ff9f45ffc05ff00ed14bf6493fe7d17ff00017ffb4533c21e1af1178ee6d521d123fb64fa6e9d3ea93c41d15fecf0aee95941c172ab962ab93b558e300d7aac5fb20fc5c92eadad9ecb4d86ea7babbb45b79757b459435a2b35db14df9090ed21db1804aaf2481401c378af426d12fa0d3c3d8ea2d6d0ed6b8b08fce85b2cce36b0839e18647041c820106b17ecafff003e8bff0080bffda2bbad6bf66af8a7e1eb99e0bfd21209213a9e7fd3202196c2ca3beb96521b9516f2c72291f7c300b93c567fc41f815f107e196916fa8eb96d6a2296f574d786cafedeea782ecc425fb3cb146ccd1c810825580c671d78a00c6f0fe890eabac5b5ade15d3ad1c9335d7d80c8624009660be48dc700f191f5aad7fa725b5f5cc56c89776f1c8c91dc0b26412a8380db4c19191ce0f2335e81f037f67df17fc55924bffb65a685a306bfb1fb56a13c492cb710d93dc49143033abcaca9b0b6d1f289149f4ae7be24fc0df889f097c33a36bfe26d396cb4dd5596389d2e2295a291a2599639554931b98dd5b6b01dc7556000398fb2bffcfa2ffe02ff00f68adbb2d0197c31a86a65ec06e616a2c8a62e49dc8fbc47f67c94c06f98742bce3233a1e0bf813f107e22782a7f13f872dad756b38678edded2defa03780c93c76e87c8ddbc032cd1a0240ceec8e0123b1f0efec95e35f1049e22b14f107871758d2bec4b1dbc5acd9cd04f25c5d35af92d3acbb23916442bb1b9624606086201e47f657ff9f45ffc05ff00ed15b973a46809e11b4b982ef5097c4cf70c971a649a1a25a47060e1d2e4659dc9db9430a8193f31c733fc54f849e24f843a2f83efb5bd42c1e6f11d9dc5da595adcc72cd6661ba96d9e399549dadbe16e7a6432e772301e79fda775ff003d4fe42803a0fb2bff00cfa2ff00e02fff0068a3ecafff003e8bff0080bffda2b9ff00ed3baff9ea7f2147f69dd7fcf53f90a00e83ecafff003e8bff0080bffda2a86b5034768098046378e441b3d7bf94bfceb3bfb4eebfe7a9fc854735ecd709b6490b2e738c0a006430b4efb54a038cfcee147e648af56d2bf67cd4357f883e16f0b5bea31c926bba68d412710bb6cc47233a2a26f770ad0ba6f55c1c6e1f2f35c4fc3bbdd374ef1ae8d73acc5f68d222bb85ef60f30a79b00914c8990ea7950470735ee1fb4578dac759f16e97e22d3a7bed37c43342f0de432dea9448a25582168d11d160055645f254108aaa07b807cf979a0dee9f70d6f7291413a63746f3c608c8c8e377a1150ff66cbfdf83ff000223ff00e2abd0fe24f8f9fe2178db53f1039fb2b5e143e4fdb5e4dbb6354fbcf74cc7eef726b9afb5ff00d3cffe4c7ff7450061c5677304a92c72c31c88c195d6e630548e847cd5f416affb6d7c5dd7759b4d4af755d2669adb5e8bc471a79712c7f6a8ed45aa0c06ff00562304ece9b999ba9af19fb5ff00d3cffe4c7ff7451f6bff00a79ffc98ff00ee8a00ec7e227c69f1b7c4df00787f40d7eef4cb8b0d30c5045346225b8945bc0b0c3e63eee4244c146319c65b71c1ae6be19f8db5af853e2b87c41a32e9735f451bc4a2f4c72280c304a90c191876746561d8f2737356d634b9b47d2adac0cf15cc21deea496e410eec107cbfe93d3e527a0ea060e0b363fdaffe9e7ff263ff00ba2803a3d47e3278c757f1478fbc437977a7dc6a9e37b496cb5794988068e49e299b600c029dd047cf3c03d739aeb21fda8bc5f2682da2eada2783fc49a595d3c2db6b1691cea86cacd6ce075fde8c3085704f7249ef5e61f6bffa79ff00c98ffee8adad1b57b4b1d1b5779e08ef269952de2792e7fd4960e4b81e79e7e51d3078eb8c82015746f88de2fd016c6dac75c921d1acb568f5c83431a87fc4b92ed181593ecfbf664600ce338e335dfe93fb55fc40d3afd6eae13c3fac3c77daadec4ba9451ccb12ea31491dedbafef0110482566f2f380df30c1273e61f6bff00a79ffc98ff00ee8a3ed7ff004f3ff931ff00dd1401e8da57ed31e35f0bdfdbdd785ed3c37e10306ad65ad243a1c31c11fda6d639e34254c872ac9752aba9e18100d701e31d735cf11f8f351f185edd5ac7ae6af7f26b52cd6b32461279656958a0ddf2e18923d38a8a2bb41221927668f23705b9c123be0f9f5a9e28d674ebfd599f4a32db69e91a2451cd71f30c28ce7fd24f7cf73c5007a86bbfb6f7c62f106b367a95c6b5a5c735aeb275b8e38228523f34da0b4f28aeec79221dea13b79b211cb5717e3bf8e1e31f887e1ed5f4bd662d15b4dd52fadef42c31c519b69ade1f257c960f9198d806ddb8b6724e49278dfb5ffd3cff00e4c7ff007456c6b5f64b0d374c86df588af9e44373288a623c967541e59cdc751b4d006df83fe3a788fc15f0f60f07d9e97e1a9f4e83555d6a3b8b9456b8176a00494baca0314030bb810a19b18dc73dc7c45fda7f5ad4b49d16c741b5b7b34934a846ab2dfdc432b5cde7f6bcdaabc91852a238fed126157e63b170492735e2a976a1d77dc1299f982dc6091edfbfad5f13eb1a75f6aa5b49696df4f44548927b8f9f81ce7fd24f727b9e280353c07f14efbc3bf1e6d7e24eaf1c7793c9aacda96a16f6375044661317f3d17cc0e803091c6195860e3debbcf8c1fb526a9e2cbdd2ed3c15636de13d03483a3cb60865b73711dc69c2e7ecf28d9845c1bc97e500f452493927c67ed7ff004f3ff931ff00dd147daffe9e7ff263ff00ba2803b8f147c7ef88bae9b5bab1d5edbc216ab15e5a8b6f0ace9a6c528b878e4bbde22705fcd6588b024afeed000028036d7f6b6f8929a35f69a25d07ecf79636d652930425b305a7d8d27196c79bf6708858823f768db43286ae5bc5d2f85ad3c3de1787c3faddfea5a8bdab5c6b02e944315bdcb903c988fda49755541963d49e3d072bf6bffa79ff00c98ffee8a00b5f0c3c6fe21f843e3bd27c5de1db8b28b57d364678bed12452c4eac8c8f1c885b0c8c8ccac3b8635dbe8bfb48fc48d0750d07558b51b196e34b7d5424d70637fb57f681dd78b37cdf36eddd460ae4104100d79f7daff00e9e7ff00263ffba2baaf1b69ba47876c3c3f6fa5f8bacfc4b2dd5926a1786c4cb1ad8cd285cdab19255dee8146e65cae5b009c1a00e9bfe1abbe21b69faf59cbff0008ecf1eacda812f25a5befb317b66b6772b6ec1818c3431c6bdcfeec1cf2dbba9f8d7fb4f7fc2c8f0be8b0f8534dbaf0cebf61aaa788f50d77fb4ad52ea4be5822b712a490246c5891bf79c1c91800e4b7837daffe9e7ff263ff00ba2b6b4fbbd2a2f0cea8f36a12ff006bc8c914102cff0026cdcaccc7f7c73f771d411c70d93b403a5f05fed2bf10bc17697d10bdd335d9eeaf6eb52fb6ebc22bcba86eae6dfecf73324aedb83cb161589273b54f0466b37e27fc6ff1b7c65d1745d27c4771a6dd2e9db764d02c293dc3ac490ab48c1b2c42228c0c0c966c16624f25f6bffa79ff00c98ffee8adff0001da9d63c5ba642351b7b454996679aeaef646aaa771c9f3cf61e981d4e002400753e0cfda97e24f803e1bdb782744d434cb4d26d5b7dbca0446789bed715dab06dd82cb3428c18827036925700453fed27e336d4aeaf6d2c7c2da535cdc59ddcd1e9b656f6e924d6d76d769236d60598ccc49dc4f1851b54003cf0ddf27fd27ff00263ffba28fb5ff00d3cffe4c7ff74500763e2df8d1abfc41f0ecba778974ad1352ba8adae2df4ed451a38e7b2f3f51fb7ca410c777cef70aa38c2cefc9e057987f66cbfdf83ff0223ffe2abb2f0ce85aaf8cb598b49d1629751d46549244b78671b99638da473cdc7644663ec0d1e26d0b55f06eb12697acc6f617e91c5334325c0276491ac91b645c104323ab023a861401c6ff0066cbfdf83ff0223ffe2a8fecd97fbf07fe0447ff00c556f7daff00e9e7ff00263ffba28fb5ff00d3cffe4c7ff7450060ff0066cbfdf83ff0223ffe2aad7fc231a99d16e7575b5f334cb695209ae6275748e4704a29c138242b63e95a9f6bff00a79ffc98ff00ee8aec13c4da745f02bc51a34b7e8753bad62c2782d8c8599e3449c3b0fde3f00b2fa75a00f27ad7f1578bb59f1c6b336afafea571ab6a737fadbbba7dd239c93963dce49393eb59145001451450015f60e9bfb36f82be20fc1ff87f369f6fa8e99e349fc3963a94f35b4d08b5bdfb47895f4c3bc498c4bb658c87dea8044011c961f1f53fcf976edf31f6e36e371c6339c7e7cd007e84691ff04ddf0beabf1421d0cdd78a6db47bad2eca72ccd99f4eb9b8bbbcb7fde8364aee80d9e798624cbe1a651b19fe47f8ebf0f3c31f0d23f05e9fa3cbabdceb3a8787ec75ad566bf78becead756d0cc91c08a818052d264b31ce54606d25bcc7ed971bb779f26ef5de73d73fcf9fad31e479082ec5c818cb1cf1401f52fec31fb3e786be32f89edb51f10697ac789e1b2f1368fa74da2e90502476d70d334b7779952df665f25633b4a9cca3e61c06ef347fd85bc35a8f803c23ae6a17fe21d25b59bc85ee962292c32dbcb637f751bc19842029f6554c79d29f9d83885b00fc3d1cd242dba3768dbd54e3be7f9814f5ba99061669147a063effe27f3343047dc3a6fec93f0ef5bf841af6a5a74ba98bb9a0d2b5cd16d6e658df54ba336917f72fa6c72aa08892f0093718c12b0ed505c807e37ff00845631e0d4f107f6ee92646bcfb27f63099fede06dcf9a5366df2fb677673dab185dcebb7134836e08c31e31d2a2a3a8743f42fe28fec27e0fbcf8c57b0e95a3789bc3da69d5f538868424456beb4b7b68e65b9d3c882594c2af208d82c770f919033b9531750ff8279f8734eb0f1b33ea9e202ba4ebb25969da9028609edd2fed6d8a3aac0544bb2777cb4b19f901589932c3e126b999dc3b4aece32371639e7aff0033f9d2fdb27c93e7c993c93bcfb7f80fca803b5f8c5e16f0e784fe2cebfe19f0d4da87f646957f2699f6ad65d1a591e2731c929f2d40552ca582f24020124f35ec7fb41feca9a07c2d9f44b7d3b58bfd14ddeb773a32df78b5d23b5d4e08a389d755b568a3c8b490c840e24fe1c3b1dc17e63662ec59892c4e493d4d0cecfb77316da30327381e942d83a9f437c3cfd9cbc27e2ef86de21f14dff8ca3b48bc37a84fa4ea93412a35bbcd33c31699340594334323bdcbbe40212d988da4f1e9df173f636f871f09adfc65a8de6ade2b9ed3c3da21befece31f91713ca7528ec6294493dac60c3279bbc6c4603cb60b2480863f158760854310a704ae7838e94e33cac083239040520b1e40e83e831401e83f0f7e15d878bbc43f0fed2fbc5da3d85a789f59874cb98e3999aeb4c8da711b4d32328455c12c3e73918ce2bec6b4fd86bc0be271e1bb0b9d27c5de0db88349967b9d22ee36975b98bead35b8b99962b59331c512a3710a29578f74880990fe7ad486ea62d932b93823258f43d7f3a00fb63e1c7ec95f0e9b5cf0034b7daaebf777173e1cd4af52731ae9d7b677dac3d8c90ac6144ab9081c317e8c5719f9ab9bf8abfb35f827c05f0bbe276a1a559eb3e23bfd24787ef34bf11dbcc3ec32dade7da44f3a44132b00922f23f7877aba28254964af92d6ea65c6d9a418c01863c60e47e4690cf2b2ed32395c6dc1638c6738fcf9a00f6ff00d92fe1be91f143c51e36d3757f0fea1e26fb2f852f6fad34fd23fe3f64b84920d820c861e610cca32aff007beeb1c03ec3e2efd987c25e08f05f8c12d87f684da547e23314f7d18375135bdb68d2c70ca5582f9b0b5e4d1b6000195f8e703e2e8e5788e51d909e32a715d07873e21f883c25a36bfa5e93a87d92cb5eb6167a8a8863779a1de1ca07652c80b2aeed8577600390280476ff00b397c25d3fe2ef88fc47677f6dad6aafa568936a96da1f87367f68ea92acd0c621877238caacad2b6118ec85f03b8fa8fe247ec2fe11bb8fe26ebd6b26a1e14b2d37569e1d3670e1f4eb78629ed227495446f8602795c979e3384caa48bb997e044768db72b1561dc1c1a9edf52bbb5b849e1b9963991c3abab9c8618c1fd07e54c47d05fb597ecdfa47c06d3fc3575a65af8974f7d5352d5ec1ed3c4de5798d1d9c90247711ec44f92612990641f94ae0b0f9dba9f855fb20f84fc75f033c2be32bff0010eab06a5ad6a50dabb59c123da5b16d523b2fb2bb0b768d6768dccea5a60705079454971f3ffc47f8c5e2df8b4fa79f146a71df25879bf6686dece0b48a36908695fcb85114bb9552ce4166c0c93815c72cd220015d94060c0038e4743f5a4bcc6cf66fda3fe107867e182f866efc2d75ab4f65a99d46da68f58789e41359df4b6acea6355011c46182904ae48dcdd6ba4fd99bf679f08fc5ef0d8bef125feb56b757be28b3f0bd92e94f0aa4725c5add4cb349bd18b2ab5b8055704863c8eb5f3abcaf2001dd9b19c64e719eb4b1cf24400491d003bbe56239f5fad1d00fb6fc3bfb0ce887e1dfc3cf144ba87892c755d60c4f359dac885f5112e91757f14562de48459246b616ea0493fcd27cca8e0c55547ecdde07d53c1773a6eafa4f8b340f1549aa6bc6ca5d52780df5aada68169a8a5bde80a4380c5d02a889ff007b960857cbaf8bc5c4a142895f68c10371c0c671fccfe747da651ff2d5fa93f78f52304fe343ea08f6ff00dacfe1069df0d3e20f99e13f0deb5a578265d3b4b7b6bdd4774d0cf34f631ccc639b680dbb2e7009f995f180028f0ca7b4f23a04691990745249029940051451400514514005145140051451400514514005145140051451400514514005145140051451400514514005145140051451400514514005145140051451400514514005145140051451400514514005145140051451400514514005145140051451400514514005145140051451400514514005145140051451400514514005145140051451400514514005145140051451400514514005145140051451400514514005145140051451400514514005145140051451400514514005145140051451400514514005145140051451400514514005145140051451401fffd9');
INSERT INTO "slide" ("rowid","presentation_id","title","slide_uid","slide_rev_uid","order_index","layout_flag","theme_id","theme_slide_uid","modified_theme_id","modified_theme_layout_revision","layout_revision","thumbnail_desired_rev","thumbnail_rev","thumbnail") VALUES (10,3,'Master','MASTER',NULL,0,19,NULL,'',NULL,NULL,4174876364815335424,4174876364849775617,4174876364815400960,NULL);
INSERT INTO "slide" ("rowid","presentation_id","title","slide_uid","slide_rev_uid","order_index","layout_flag","theme_id","theme_slide_uid","modified_theme_id","modified_theme_layout_revision","layout_revision","thumbnail_desired_rev","thumbnail_rev","thumbnail") VALUES (11,3,'Song','SONG',NULL,1,2083,NULL,'MASTER',NULL,NULL,4174876364815466496,4174876364849972225,4174876364815532032,NULL);
INSERT INTO "slide" ("rowid","presentation_id","title","slide_uid","slide_rev_uid","order_index","layout_flag","theme_id","theme_slide_uid","modified_theme_id","modified_theme_layout_revision","layout_revision","thumbnail_desired_rev","thumbnail_rev","thumbnail") VALUES (12,3,'Scripture','SCRIPTURE',NULL,2,67,NULL,'MASTER',NULL,NULL,4174876364815597568,4174876364850168833,4174876364815663104,NULL);
INSERT INTO "slide" ("rowid","presentation_id","title","slide_uid","slide_rev_uid","order_index","layout_flag","theme_id","theme_slide_uid","modified_theme_id","modified_theme_layout_revision","layout_revision","thumbnail_desired_rev","thumbnail_rev","thumbnail") VALUES (13,3,'Presentation','PRESENTATION',NULL,3,143,NULL,'MASTER',NULL,NULL,4174876364815728640,4174876364850365441,4174876364815794176,NULL);
INSERT INTO "resource_text" ("rowid","resource_id","rtf") VALUES (1,1,'{\rtf1\ansi\deff0\sdeasyworship2
{\fonttbl{\f0 Tahoma;}}
{\colortbl ;}
{\pard\sdparawysiwghidden\sdlistlevel-1\qc\qdef\sdewparatemplatestyle102\plain\sdewtemplatestyle102\fs64{\*\sdfsreal 32.4}{\*\sdfsdef 32.4}\sdfsauto Label 1\par}
{\pard\sdlistlevel0\qc\qdef\sdewparatemplatestyle101{\*\sdasfactor 1}{\*\sdasbaseline 32.4}\sdastextstyle101\plain\sdewtemplatestyle101\fs64{\*\sdfsreal 32.4}{\*\sdfsdef 32.4}\sdfsauto Song 1\par}
}');
INSERT INTO "resource_text" ("rowid","resource_id","rtf") VALUES (2,2,'{\rtf1\ansi\deff0\sdeasyworship2
{\fonttbl{\f0 Tahoma;}}
{\colortbl ;}
{\pard\sdlistlevel0\ql\qdef\plain\fs28{\*\sdfsreal 14.4}{\*\sdfsdef 14.4}\sdfsauto\par}
}');
INSERT INTO "resource_text" ("rowid","resource_id","rtf") VALUES (3,3,'{\rtf1\ansi\deff0\sdeasyworship2
{\fonttbl{\f0 Tahoma;}}
{\colortbl ;}
{\pard\sdlistlevel0\qc\qdef\plain\fs40{\*\sdfsreal 20}{\*\sdfsdef 20}\sdfsauto\par}
}');
INSERT INTO "resource_text" ("rowid","resource_id","rtf") VALUES (4,4,'{\rtf1\ansi\deff0\sdeasyworship2
{\fonttbl{\f0 Tahoma;}}
{\colortbl ;}
{\pard\sdparawysiwghidden\sdlistlevel-1\qc\qdef\sdewparatemplatestyle102\plain\sdewtemplatestyle102\fs64{\*\sdfsreal 32.4}{\*\sdfsdef 32.4}\sdfsauto Label 2\par}
{\pard\sdlistlevel0\qc\qdef\sdewparatemplatestyle101{\*\sdasfactor 1}{\*\sdasbaseline 32.4}\sdastextstyle101\plain\sdewtemplatestyle101\fs64{\*\sdfsreal 32.4}{\*\sdfsdef 32.4}\sdfsauto Song 2\par}
}');
INSERT INTO "resource_text" ("rowid","resource_id","rtf") VALUES (5,5,'{\rtf1\ansi\deff0\sdeasyworship2
{\fonttbl{\f0 Tahoma;}}
{\colortbl ;}
{\pard\sdlistlevel0\ql\qdef\plain\fs28{\*\sdfsreal 14.4}{\*\sdfsdef 14.4}\sdfsauto\par}
}');
INSERT INTO "resource_text" ("rowid","resource_id","rtf") VALUES (6,6,'{\rtf1\ansi\deff0\sdeasyworship2
{\fonttbl{\f0 Tahoma;}}
{\colortbl ;}
{\pard\sdlistlevel0\qc\qdef\plain\fs40{\*\sdfsreal 20}{\*\sdfsdef 20}\sdfsauto\par}
}');
INSERT INTO "resource_text" ("rowid","resource_id","rtf") VALUES (9,9,'{\rtf1\ansi\deff0\sdeasyworship2
{\fonttbl{\f0 Tahoma;}}
{\colortbl ;}
{\pard\sdlistlevel-1\qc\qdef\sdewparatemplatestyle300{\*\sdasfactor 1}{\*\sdasbaseline 32.4}\sdastextstyle300\plain\sdewtemplatestyle300\fs64{\*\sdfsreal 32.4}{\*\sdfsdef 32.4}\sdfsauto Slide 1\par}
}');
INSERT INTO "resource_text" ("rowid","resource_id","rtf") VALUES (10,10,'{\rtf1\ansi\deff0\sdeasyworship2
{\fonttbl{\f0 Tahoma;}}
{\colortbl ;}
{\pard\sdlistlevel-1\ql\sdewparatemplatestyle300{\*\sdasfactor 1}{\*\sdasbaseline 32.4}\sdastextstyle300\plain\sdewtemplatestyle300\fs64{\*\sdfsreal 32.4}{\*\sdfsdef 32.4}\sdfsauto presentation 2 tekst\par}
{\pard\sdlistlevel-1\ql\sdewparatemplatestyle300\plain\sdewtemplatestyle300\fs64{\*\sdfsreal 32.4}{\*\sdfsdef 32.4}\sdfsauto enzo\par}
{\pard\sdlistlevel-1\ql\sdewparatemplatestyle300\plain\sdewtemplatestyle300\fs64{\*\sdfsreal 32.4}{\*\sdfsdef 32.4}\sdfsauto line 3\par}
{\pard\sdlistlevel-1\ql\sdewparatemplatestyle300\plain\sdewtemplatestyle300\fs64{\*\sdfsreal 32.4}{\*\sdfsdef 32.4}\sdfsauto line 4\par}
}');
INSERT INTO "resource_text" ("rowid","resource_id","rtf") VALUES (11,11,'{\rtf1\ansi\deff0\sdeasyworship2
{\fonttbl{\f0 Tahoma;}}
{\colortbl ;}
{\pard\sdlistlevel-1\qc\qdef\sdewparatemplatestyle300{\*\sdasfactor 1}{\*\sdasbaseline 32.4}\sdastextstyle300\plain\sdewtemplatestyle300\fs64{\*\sdfsreal 32.4}{\*\sdfsdef 32.4}\sdfsauto Vers 2\par}
}');
INSERT INTO "resource_image" ("rowid","resource_id","file_id","original_filename","filesize","modified_date","width","height") VALUES (1,12,1,'<images>001-1_image-00001.png',42694,119600028000000016,1744,1216);
INSERT INTO "resource" ("rowid","resource_hash","resource_uid","resource_type","title","author","copyright","description","tags") VALUES (1,-635329637,'1-F24B2E7D-6273-483C-8C60-7184D8D18EAF',6,'','','','','');
INSERT INTO "resource" ("rowid","resource_hash","resource_uid","resource_type","title","author","copyright","description","tags") VALUES (2,-1607904850,'1-64E8A874-CA62-4137-B637-F9DE6EAF7903',6,'','','','','');
INSERT INTO "resource" ("rowid","resource_hash","resource_uid","resource_type","title","author","copyright","description","tags") VALUES (3,1904655303,'1-DEC4A592-FFD5-4694-8582-B7EE5D791E40',6,'','','','','');
INSERT INTO "resource" ("rowid","resource_hash","resource_uid","resource_type","title","author","copyright","description","tags") VALUES (4,-1050076976,'1-A6C54FF5-EF1D-4F9D-8282-61B76815417D',6,'','','','','');
INSERT INTO "resource" ("rowid","resource_hash","resource_uid","resource_type","title","author","copyright","description","tags") VALUES (5,1827789933,'1-A522127A-E7EC-40A2-815C-A697C6960A25',6,'','','','','');
INSERT INTO "resource" ("rowid","resource_hash","resource_uid","resource_type","title","author","copyright","description","tags") VALUES (6,408966689,'1-FBEA3BC2-C36D-4D1D-9672-D81FCBA1EBF2',6,'','','','','');
INSERT INTO "resource" ("rowid","resource_hash","resource_uid","resource_type","title","author","copyright","description","tags") VALUES (9,469979223,'1-2AF6D426-F23D-46F0-9AE0-E11AA4240440',6,'','','','','');
INSERT INTO "resource" ("rowid","resource_hash","resource_uid","resource_type","title","author","copyright","description","tags") VALUES (10,-1776453370,'1-ED69B0F7-692F-43E0-B1C3-461F761BE910',6,'','','','','');
INSERT INTO "resource" ("rowid","resource_hash","resource_uid","resource_type","title","author","copyright","description","tags") VALUES (11,-1355958185,'1-3F0A232A-B528-4970-ADAC-13EBCAB93AC9',6,'','','','','');
INSERT INTO "resource" ("rowid","resource_hash","resource_uid","resource_type","title","author","copyright","description","tags") VALUES (12,-159103060,'1-619B2388-E0E1-4D7C-9973-7BD872CE45C5',2,'001-1_image-00001','','','','');
INSERT INTO "presentation_property_group_global" ("rowid","link_id","group_name") VALUES (1,3,'Default_Scripture_BK');
INSERT INTO "presentation_property_group_global" ("rowid","link_id","group_name") VALUES (2,3,'Scripture_Attributes');
INSERT INTO "presentation_property_group_global" ("rowid","link_id","group_name") VALUES (3,3,'Text_Attributes');
INSERT INTO "presentation_property_global" ("rowid","group_id","value_type","key","value") VALUES (1,1,6,'FileType','11');
INSERT INTO "presentation_property_global" ("rowid","group_id","value_type","key","value") VALUES (2,1,1,'ID','48');
INSERT INTO "presentation_property_global" ("rowid","group_id","value_type","key","value") VALUES (3,2,5,'Show_Reference','0');
INSERT INTO "presentation_property_global" ("rowid","group_id","value_type","key","value") VALUES (4,2,5,'One_Verse_Per_Slide','0');
INSERT INTO "presentation_property_global" ("rowid","group_id","value_type","key","value") VALUES (5,3,2,'Minimum_Size_Limit','0.116666666666667');
INSERT INTO "presentation" ("rowid","presentation_uid","presentation_rev_uid","presentation_global_uid","presentation_type","aspect_ratio","group_level","order_index","thumbnail_slide_id","layout_revision","thumbnail_desired_rev","thumbnail_rev","thumbnail","auto_theme","looping","title","author","copyright","administrator","description","tags","reference_number","vendor_id","notes","modified_date","ready","error_no") VALUES (1,'1-F48E4D09-43E1-49E9-814D-D52BEEEA6FCB','1-C0421A45-7EB7-4FA3-98D0-C5072CFC72EB',NULL,6,'',0,0,NULL,4174860025491365889,4174876364871271425,4174876364871271425,X'ffd8ffe000104a46494600010100000100010000ffdb0043000302020302020303030304030304050805050404050a070706080c0a0c0c0b0a0b0b0d0e12100d0e110e0b0b1016101113141515150c0f171816141812141514ffdb00430103040405040509050509140d0b0d1414141414141414141414141414141414141414141414141414141414141414141414141414141414141414141414141414ffc000110800c0012003012200021101031101ffc4001f0000010501010101010100000000000000000102030405060708090a0bffc400b5100002010303020403050504040000017d01020300041105122131410613516107227114328191a1082342b1c11552d1f02433627282090a161718191a25262728292a3435363738393a434445464748494a535455565758595a636465666768696a737475767778797a838485868788898a92939495969798999aa2a3a4a5a6a7a8a9aab2b3b4b5b6b7b8b9bac2c3c4c5c6c7c8c9cad2d3d4d5d6d7d8d9dae1e2e3e4e5e6e7e8e9eaf1f2f3f4f5f6f7f8f9faffc4001f0100030101010101010101010000000000000102030405060708090a0bffc400b51100020102040403040705040400010277000102031104052131061241510761711322328108144291a1b1c109233352f0156272d10a162434e125f11718191a262728292a35363738393a434445464748494a535455565758595a636465666768696a737475767778797a82838485868788898a92939495969798999aa2a3a4a5a6a7a8a9aab2b3b4b5b6b7b8b9bac2c3c4c5c6c7c8c9cad2d3d4d5d6d7d8d9dae2e3e4e5e6e7e8e9eaf2f3f4f5f6f7f8f9faffda000c03010002110311003f00fcaaa28a2800a28a2800a28a2800a28a2800a28a2800a28a2800a28a2800a28a2800a28a2800a28a2800a28a2800a28a2800a28a2800a28a2800a28a2800a28a2800a28a2800a28a2800a28a2800a28a2800a28a2800a28a2800a28a2800a28a2800a28a2800a28a2800a28a2800a28a2800a28a2800a28a2800a28a2800a28a2800a28a2800a28a2800a28a2800a28a2800a28a2800a28a2800a28a2800a28a2800a28a2800a28a2800a28a2800a28a2800a28a2800a28a2800a28a2800a28a2800a28a2800a28a2800a28a2800a28a2800a28a2800a28a2800a28a2800a28a2800a28a2800a28a2800a28a2800a28a2800a28a2800a28a2800a28a2800a28a2800a28a2800a28a2800a28a2800a28a2800a28a2800a28a2800a28a2800a28a2800a28a2800a28a2800a28a2800a28a2800a28a2800a28a2800a28a2800a28a2800a28a2800a28a2800a28a2800a28a2800a28a2800a28a2800a28a2800a28a2800a28a2800a28a2800a28a2800a28a2800a28a2800a28a2800a28a2800a28a2800a28a2800a28a2800a28a2800a28a2800a28a2800a28a2800a28a2800a28a2800a28a2800a28a2800a28a2800a28a2800a28a2800a28a2800a28a2800a28a2800a28a2800a28a2800a28a2800a28a2800a28a2800a28a2800a28a2800a28a2800a28a2800a28a2800a28a2800a28a2800a28a2800a28a2800a28a2800a28a2800a28a2800a28a2800a28a2800a28a2800a28a2800a28a2800a28a2800a28a2800a28a2800a28a2800a28a2800a28a2800a28a2800a28a2800a28a2800a28a2800a28a2800a28a2800a28a2800a28a2800a28a2800a28a2800a28a2800a28a2800a28a2800a28a2800a28a2800a28a2800a28a2800a28a2800a28a2800a28a2800a28a2800a28a2800a28a2800a28a2800a28a2800a28a2800a28a2800a28a2800a28a2800a28a2800a28a2800a28a2800a28a2800a28a2800a28a2800a28a2800a28a2800a28a2800a28a2800a28a2800a28a2800a28a2800a28a2800a28a2800a28a2800a28a2800a28a2800a28a2800a28a2800a28a2800a28a2800a28a2800a28a2800a28a2800a28a2800a28a2800a28a2800a28a2800a28a2800a28a2800a28a2800a28a2800a28a2800a28a2800a28a2800a28a2800a28a2800a28a2800a28a2800a28a2800a28a2800a28a2800a28a2800a28a2800a28a2800a28a2803ffd9',0,0,'Test Title','','','','','','',NULL,'',132120916968490000,1,0);
INSERT INTO "presentation" ("rowid","presentation_uid","presentation_rev_uid","presentation_global_uid","presentation_type","aspect_ratio","group_level","order_index","thumbnail_slide_id","layout_revision","thumbnail_desired_rev","thumbnail_rev","thumbnail","auto_theme","looping","title","author","copyright","administrator","description","tags","reference_number","vendor_id","notes","modified_date","ready","error_no") VALUES (2,'BLANK','6.0.7',NULL,13,'',1,0,NULL,4174860020257456128,4174860020407560193,4174860020257521664,NULL,1,0,'Blank','','','','','','',NULL,'',132120916145610000,1,0);
INSERT INTO "presentation" ("rowid","presentation_uid","presentation_rev_uid","presentation_global_uid","presentation_type","aspect_ratio","group_level","order_index","thumbnail_slide_id","layout_revision","thumbnail_desired_rev","thumbnail_rev","thumbnail","auto_theme","looping","title","author","copyright","administrator","description","tags","reference_number","vendor_id","notes","modified_date","ready","error_no") VALUES (3,'GLOBAL','1-F69AE437-B115-4B0F-9C8B-3E095824D864',NULL,11,'',2,0,NULL,4173800390360199169,4174876364849579009,4173799969004854273,NULL,0,0,'Global','','','','','','',NULL,'',131959201161130000,1,0);
INSERT INTO "presentation" ("rowid","presentation_uid","presentation_rev_uid","presentation_global_uid","presentation_type","aspect_ratio","group_level","order_index","thumbnail_slide_id","layout_revision","thumbnail_desired_rev","thumbnail_rev","thumbnail","auto_theme","looping","title","author","copyright","administrator","description","tags","reference_number","vendor_id","notes","modified_date","ready","error_no") VALUES (4,'1-70D97116-EB0F-48D6-8316-62E6A84CA51D','1-2B5354E9-EBA7-47EC-8E89-6B3220A9A247',NULL,8,'',0,1,NULL,4174876377523586049,4174876377523651585,4174876377523651585,X'ffd8ffe000104a46494600010100000100010000ffdb0043000302020302020303030304030304050805050404050a070706080c0a0c0c0b0a0b0b0d0e12100d0e110e0b0b1016101113141515150c0f171816141812141514ffdb00430103040405040509050509140d0b0d1414141414141414141414141414141414141414141414141414141414141414141414141414141414141414141414141414ffc000110800c0012003012200021101031101ffc4001f0000010501010101010100000000000000000102030405060708090a0bffc400b5100002010303020403050504040000017d01020300041105122131410613516107227114328191a1082342b1c11552d1f02433627282090a161718191a25262728292a3435363738393a434445464748494a535455565758595a636465666768696a737475767778797a838485868788898a92939495969798999aa2a3a4a5a6a7a8a9aab2b3b4b5b6b7b8b9bac2c3c4c5c6c7c8c9cad2d3d4d5d6d7d8d9dae1e2e3e4e5e6e7e8e9eaf1f2f3f4f5f6f7f8f9faffc4001f0100030101010101010101010000000000000102030405060708090a0bffc400b51100020102040403040705040400010277000102031104052131061241510761711322328108144291a1b1c109233352f0156272d10a162434e125f11718191a262728292a35363738393a434445464748494a535455565758595a636465666768696a737475767778797a82838485868788898a92939495969798999aa2a3a4a5a6a7a8a9aab2b3b4b5b6b7b8b9bac2c3c4c5c6c7c8c9cad2d3d4d5d6d7d8d9dae2e3e4e5e6e7e8e9eaf2f3f4f5f6f7f8f9faffda000c03010002110311003f00fcaaa28a2800a28a2800a28a2800a28a2800a28a2800a28a2800a28a2800a28a2800a28a2800a28a2800a28a2800a28a2800a28a2800a28a2800a28a2800a28a2800a28a2800a28a2800a28a2800a28a2800a28a2800a28a2800a28a2800a28a2800a28a2800a28a2800a28a2800a28a2800a28a2800a28a2800a28a2800a28a2800a28a2800a28a2800a28a2800a28a2800a28a2800a28a2800a28a2800a28a2800a28a2800a28a2800a28a2800a28a2800a28a2800a28a2800a28a2800a28a2800a28a2800a28a2800a28a2800a28a2800a28a2800a28a2800a28a2800a28a2800a28a2800a28a2800a28a2800a28a2800a28a2800a28a2800a28a2800a28a2800a28a2800a28a2800a28a2800a28a2800a28a2800a28a2800a28a2800a28a2800a28a2800a28a2800a28a2800a28a2800a28a2800a28a2800a28a2800a28a2800a28a2800a28a2800a28a2800a28a2800a28a2800a28a2800a28a2800a28a2800a28a2800a28a2800a28a2800a28a2800a28a2800a28a2800a28a2800a28a2800a28a2800a28a2800a28a2800a28a2800a28a2800a28a2800a28a2800a28a2800a28a2800a28a2800a28a2800a28a2800a28a2800a28a2800a28a2800a28a2800a28a2800a28a2800a28a2800a28a2800a28a2800a28a2800a28a2800a28a2800a28a2800a28a2800a28a2800a28a2800a28a2800a28a2800a28a2800a28a2800a28a2800a28a2800a28a2800a28a2800a28a2800a28a2800a28a2800a28a2800a28a2800a28a2800a28a2800a28a2800a28a2800a28a2800a28a2800a28a2800a28a2800a28a2800a28a2800a28a2800a28a2800a28a2800a28a2800a28a2800a28a2800a28a2800a28a2800a28a2800a28a2800a28a2800a28a2800a28a2800a28a2800a28a2800a28a2800a28a2800a28a2800a28a2800a28a2800a28a2800a28a2800a28a2800a28a2800a28a2800a28a2800a28a2800a28a2800a28a2800a28a2800a28a2800a28a2800a28a2800a28a2800a28a2800a28a2800a28a2800a28a2800a28a2800a28a2800a28a2800a28a2800a28a2800a28a2800a28a2800a28a2800a28a2800a28a2800a28a2800a28a2800a28a2800a28a2800a28a2800a28a2800a28a2800a28a2800a28a2800a28a2800a28a2800a28a2800a28a2800a28a2800a28a2800a28a2800a28a2800a28a2800a28a2800a28a2800a28a2803ffd9',0,0,'presentation 2','','','','','','',NULL,'',132123412066410016,1,0);
INSERT INTO "info" ("rowid","version","version_min") VALUES (1,'6.7.10.0','6.5.1.0');
INSERT INTO "file" ("rowid","file_hash","filename","shared_filename") VALUES (1,'1c7ecfff45da734e0c4f360ed79ac08baaf2ae94d165499c02593d484c29b00f','2puja9.png',NULL);
INSERT INTO "element_property_group" ("rowid","link_id","group_name") VALUES (1,3,'Text_Format');
INSERT INTO "element_property_group" ("rowid","link_id","group_name") VALUES (2,3,'Overrides');
INSERT INTO "element_property_group" ("rowid","link_id","group_name") VALUES (3,4,'Text_Format');
INSERT INTO "element_property_group" ("rowid","link_id","group_name") VALUES (4,4,'Overrides');
INSERT INTO "element_property_group" ("rowid","link_id","group_name") VALUES (5,5,'Overrides');
INSERT INTO "element_property_group" ("rowid","link_id","group_name") VALUES (6,5,'Text_Format');
INSERT INTO "element_property_group" ("rowid","link_id","group_name") VALUES (7,5,'Element');
INSERT INTO "element_property_group" ("rowid","link_id","group_name") VALUES (8,8,'Text_Format');
INSERT INTO "element_property_group" ("rowid","link_id","group_name") VALUES (9,8,'Overrides');
INSERT INTO "element_property_group" ("rowid","link_id","group_name") VALUES (10,9,'Text_Format');
INSERT INTO "element_property_group" ("rowid","link_id","group_name") VALUES (11,9,'Overrides');
INSERT INTO "element_property_group" ("rowid","link_id","group_name") VALUES (12,13,'Text_Format');
INSERT INTO "element_property_group" ("rowid","link_id","group_name") VALUES (13,13,'Overrides');
INSERT INTO "element_property_group" ("rowid","link_id","group_name") VALUES (14,14,'Text_Format');
INSERT INTO "element_property_group" ("rowid","link_id","group_name") VALUES (15,14,'Overrides');
INSERT INTO "element_property_group" ("rowid","link_id","group_name") VALUES (30,33,'Text');
INSERT INTO "element_property_group" ("rowid","link_id","group_name") VALUES (31,33,'Text_Format');
INSERT INTO "element_property_group" ("rowid","link_id","group_name") VALUES (32,33,'Overrides');
INSERT INTO "element_property_group" ("rowid","link_id","group_name") VALUES (33,33,'Text_Style_300');
INSERT INTO "element_property_group" ("rowid","link_id","group_name") VALUES (34,34,'Text');
INSERT INTO "element_property_group" ("rowid","link_id","group_name") VALUES (35,34,'Text_Format');
INSERT INTO "element_property_group" ("rowid","link_id","group_name") VALUES (36,34,'Overrides');
INSERT INTO "element_property_group" ("rowid","link_id","group_name") VALUES (37,34,'Text_Layout');
INSERT INTO "element_property_group" ("rowid","link_id","group_name") VALUES (38,34,'Element');
INSERT INTO "element_property_group" ("rowid","link_id","group_name") VALUES (39,37,'Text_Style_201');
INSERT INTO "element_property_group" ("rowid","link_id","group_name") VALUES (40,37,'Text_Style_100');
INSERT INTO "element_property_group" ("rowid","link_id","group_name") VALUES (41,37,'Text_Style_500');
INSERT INTO "element_property_group" ("rowid","link_id","group_name") VALUES (42,37,'Text_Format');
INSERT INTO "element_property_group" ("rowid","link_id","group_name") VALUES (43,37,'Text_Style_102');
INSERT INTO "element_property_group" ("rowid","link_id","group_name") VALUES (44,37,'Text_Style_203');
INSERT INTO "element_property_group" ("rowid","link_id","group_name") VALUES (45,37,'Overrides');
INSERT INTO "element_property_group" ("rowid","link_id","group_name") VALUES (46,37,'Text_Style_103');
INSERT INTO "element_property_group" ("rowid","link_id","group_name") VALUES (47,37,'Text_Style_402');
INSERT INTO "element_property_group" ("rowid","link_id","group_name") VALUES (48,37,'Text_Style_303');
INSERT INTO "element_property_group" ("rowid","link_id","group_name") VALUES (49,37,'Text_Style_202');
INSERT INTO "element_property_group" ("rowid","link_id","group_name") VALUES (50,37,'Text_Style_305');
INSERT INTO "element_property_group" ("rowid","link_id","group_name") VALUES (51,37,'Text_Style_300');
INSERT INTO "element_property_group" ("rowid","link_id","group_name") VALUES (52,37,'Text_Style_302');
INSERT INTO "element_property_group" ("rowid","link_id","group_name") VALUES (53,37,'Text_Style_306');
INSERT INTO "element_property_group" ("rowid","link_id","group_name") VALUES (54,37,'Text_Style_400');
INSERT INTO "element_property_group" ("rowid","link_id","group_name") VALUES (55,37,'Text_Style_301');
INSERT INTO "element_property_group" ("rowid","link_id","group_name") VALUES (56,37,'Text');
INSERT INTO "element_property_group" ("rowid","link_id","group_name") VALUES (57,37,'Text_Style_101');
INSERT INTO "element_property_group" ("rowid","link_id","group_name") VALUES (58,37,'Text_Style_600');
INSERT INTO "element_property_group" ("rowid","link_id","group_name") VALUES (59,37,'Text_Style_309');
INSERT INTO "element_property_group" ("rowid","link_id","group_name") VALUES (60,37,'Text_Style_307');
INSERT INTO "element_property_group" ("rowid","link_id","group_name") VALUES (61,37,'Text_Style_0');
INSERT INTO "element_property_group" ("rowid","link_id","group_name") VALUES (62,37,'Text_Style_304');
INSERT INTO "element_property_group" ("rowid","link_id","group_name") VALUES (63,37,'Text_Style_401');
INSERT INTO "element_property_group" ("rowid","link_id","group_name") VALUES (64,37,'Text_Style_308');
INSERT INTO "element_property_group" ("rowid","link_id","group_name") VALUES (65,37,'Element');
INSERT INTO "element_property_group" ("rowid","link_id","group_name") VALUES (66,38,'Foreground');
INSERT INTO "element_property_group" ("rowid","link_id","group_name") VALUES (67,38,'Overrides');
INSERT INTO "element_property_group" ("rowid","link_id","group_name") VALUES (68,38,'Element');
INSERT INTO "element_property_group" ("rowid","link_id","group_name") VALUES (69,39,'Background');
INSERT INTO "element_property_group" ("rowid","link_id","group_name") VALUES (70,39,'Foreground');
INSERT INTO "element_property_group" ("rowid","link_id","group_name") VALUES (71,40,'Background');
INSERT INTO "element_property_group" ("rowid","link_id","group_name") VALUES (72,40,'Foreground');
INSERT INTO "element_property_group" ("rowid","link_id","group_name") VALUES (73,41,'Background');
INSERT INTO "element_property_group" ("rowid","link_id","group_name") VALUES (74,41,'Text_Format');
INSERT INTO "element_property_group" ("rowid","link_id","group_name") VALUES (75,41,'Overrides');
INSERT INTO "element_property_group" ("rowid","link_id","group_name") VALUES (76,41,'Foreground');
INSERT INTO "element_property_group" ("rowid","link_id","group_name") VALUES (77,42,'Background');
INSERT INTO "element_property_group" ("rowid","link_id","group_name") VALUES (78,42,'Foreground');
INSERT INTO "element_property_group" ("rowid","link_id","group_name") VALUES (79,43,'Background');
INSERT INTO "element_property_group" ("rowid","link_id","group_name") VALUES (80,43,'Foreground');
INSERT INTO "element_property_group" ("rowid","link_id","group_name") VALUES (81,44,'Background');
INSERT INTO "element_property_group" ("rowid","link_id","group_name") VALUES (82,44,'Text_Format');
INSERT INTO "element_property_group" ("rowid","link_id","group_name") VALUES (83,44,'Overrides');
INSERT INTO "element_property_group" ("rowid","link_id","group_name") VALUES (84,44,'Foreground');
INSERT INTO "element_property_group" ("rowid","link_id","group_name") VALUES (85,45,'Background');
INSERT INTO "element_property_group" ("rowid","link_id","group_name") VALUES (86,45,'Text_Format');
INSERT INTO "element_property_group" ("rowid","link_id","group_name") VALUES (87,45,'Overrides');
INSERT INTO "element_property_group" ("rowid","link_id","group_name") VALUES (88,45,'Foreground');
INSERT INTO "element_property_group" ("rowid","link_id","group_name") VALUES (89,46,'Background');
INSERT INTO "element_property_group" ("rowid","link_id","group_name") VALUES (90,46,'Foreground');
INSERT INTO "element_property_group" ("rowid","link_id","group_name") VALUES (91,47,'Background');
INSERT INTO "element_property_group" ("rowid","link_id","group_name") VALUES (92,47,'Foreground');
INSERT INTO "element_property_group" ("rowid","link_id","group_name") VALUES (93,48,'Background');
INSERT INTO "element_property_group" ("rowid","link_id","group_name") VALUES (94,48,'Text_Format');
INSERT INTO "element_property_group" ("rowid","link_id","group_name") VALUES (95,48,'Text_Style_203');
INSERT INTO "element_property_group" ("rowid","link_id","group_name") VALUES (96,48,'Overrides');
INSERT INTO "element_property_group" ("rowid","link_id","group_name") VALUES (97,48,'Foreground');
INSERT INTO "element_property_group" ("rowid","link_id","group_name") VALUES (98,49,'Background');
INSERT INTO "element_property_group" ("rowid","link_id","group_name") VALUES (99,49,'Foreground');
INSERT INTO "element_property_group" ("rowid","link_id","group_name") VALUES (100,50,'Background');
INSERT INTO "element_property_group" ("rowid","link_id","group_name") VALUES (101,50,'Foreground');
INSERT INTO "element_property_group" ("rowid","link_id","group_name") VALUES (102,51,'Background');
INSERT INTO "element_property_group" ("rowid","link_id","group_name") VALUES (103,51,'Text_Format');
INSERT INTO "element_property_group" ("rowid","link_id","group_name") VALUES (104,51,'Overrides');
INSERT INTO "element_property_group" ("rowid","link_id","group_name") VALUES (105,51,'Foreground');
INSERT INTO "element_property_group" ("rowid","link_id","group_name") VALUES (106,52,'Background');
INSERT INTO "element_property_group" ("rowid","link_id","group_name") VALUES (107,52,'Text_Format');
INSERT INTO "element_property_group" ("rowid","link_id","group_name") VALUES (108,52,'Overrides');
INSERT INTO "element_property_group" ("rowid","link_id","group_name") VALUES (109,52,'Foreground');
INSERT INTO "element_property_group" ("rowid","link_id","group_name") VALUES (110,53,'Background');
INSERT INTO "element_property_group" ("rowid","link_id","group_name") VALUES (111,53,'Text_Format');
INSERT INTO "element_property_group" ("rowid","link_id","group_name") VALUES (112,53,'Overrides');
INSERT INTO "element_property_group" ("rowid","link_id","group_name") VALUES (113,53,'Foreground');
INSERT INTO "element_property" ("rowid","group_id","value_type","key","value") VALUES (1,2,5,'mofText','1');
INSERT INTO "element_property" ("rowid","group_id","value_type","key","value") VALUES (2,2,5,'mofDims','1');
INSERT INTO "element_property" ("rowid","group_id","value_type","key","value") VALUES (3,4,5,'mofText','1');
INSERT INTO "element_property" ("rowid","group_id","value_type","key","value") VALUES (4,5,5,'mofText','1');
INSERT INTO "element_property" ("rowid","group_id","value_type","key","value") VALUES (5,5,5,'mofDims','1');
INSERT INTO "element_property" ("rowid","group_id","value_type","key","value") VALUES (6,7,5,'Hidden','1');
INSERT INTO "element_property" ("rowid","group_id","value_type","key","value") VALUES (7,9,5,'mofText','1');
INSERT INTO "element_property" ("rowid","group_id","value_type","key","value") VALUES (8,11,5,'mofText','1');
INSERT INTO "element_property" ("rowid","group_id","value_type","key","value") VALUES (9,13,5,'mofText','1');
INSERT INTO "element_property" ("rowid","group_id","value_type","key","value") VALUES (10,15,5,'mofText','1');
INSERT INTO "element_property" ("rowid","group_id","value_type","key","value") VALUES (18,30,5,'@mofChanged','1');
INSERT INTO "element_property" ("rowid","group_id","value_type","key","value") VALUES (19,30,5,'@changed','1');
INSERT INTO "element_property" ("rowid","group_id","value_type","key","value") VALUES (20,32,5,'mofText','1');
INSERT INTO "element_property" ("rowid","group_id","value_type","key","value") VALUES (21,34,5,'@mofChanged','1');
INSERT INTO "element_property" ("rowid","group_id","value_type","key","value") VALUES (22,34,5,'@changed','1');
INSERT INTO "element_property" ("rowid","group_id","value_type","key","value") VALUES (23,36,5,'mofText','1');
INSERT INTO "element_property" ("rowid","group_id","value_type","key","value") VALUES (24,36,5,'mofDims','1');
INSERT INTO "element_property" ("rowid","group_id","value_type","key","value") VALUES (25,37,5,'@changed','1');
INSERT INTO "element_property" ("rowid","group_id","value_type","key","value") VALUES (26,37,6,'Vertical_Alignment','0');
INSERT INTO "element_property" ("rowid","group_id","value_type","key","value") VALUES (27,38,5,'@mofChanged','1');
INSERT INTO "element_property" ("rowid","group_id","value_type","key","value") VALUES (28,38,5,'@changed','1');
INSERT INTO "element_property" ("rowid","group_id","value_type","key","value") VALUES (29,45,5,'mofText','1');
INSERT INTO "element_property" ("rowid","group_id","value_type","key","value") VALUES (30,56,5,'@mofChanged','1');
INSERT INTO "element_property" ("rowid","group_id","value_type","key","value") VALUES (31,56,5,'@changed','1');
INSERT INTO "element_property" ("rowid","group_id","value_type","key","value") VALUES (32,65,5,'Hidden','1');
INSERT INTO "element_property" ("rowid","group_id","value_type","key","value") VALUES (33,65,5,'@changed','1');
INSERT INTO "element_property" ("rowid","group_id","value_type","key","value") VALUES (34,66,5,'@mofChanged','1');
INSERT INTO "element_property" ("rowid","group_id","value_type","key","value") VALUES (35,66,5,'Interactive','1');
INSERT INTO "element_property" ("rowid","group_id","value_type","key","value") VALUES (36,66,5,'@changed','1');
INSERT INTO "element_property" ("rowid","group_id","value_type","key","value") VALUES (37,67,5,'mofDims','1');
INSERT INTO "element_property" ("rowid","group_id","value_type","key","value") VALUES (38,67,5,'mofForeground','1');
INSERT INTO "element_property" ("rowid","group_id","value_type","key","value") VALUES (39,68,5,'@mofChanged','1');
INSERT INTO "element_property" ("rowid","group_id","value_type","key","value") VALUES (40,68,5,'ConstrainDims','1');
INSERT INTO "element_property" ("rowid","group_id","value_type","key","value") VALUES (41,68,5,'@changed','1');
INSERT INTO "element_property" ("rowid","group_id","value_type","key","value") VALUES (42,75,5,'mofDims','1');
INSERT INTO "element_property" ("rowid","group_id","value_type","key","value") VALUES (43,83,5,'mofText','1');
INSERT INTO "element_property" ("rowid","group_id","value_type","key","value") VALUES (44,83,5,'mofDims','1');
INSERT INTO "element_property" ("rowid","group_id","value_type","key","value") VALUES (45,87,5,'mofText','1');
INSERT INTO "element_property" ("rowid","group_id","value_type","key","value") VALUES (46,87,5,'mofDims','1');
INSERT INTO "element_property" ("rowid","group_id","value_type","key","value") VALUES (47,95,5,'Hidden','1');
INSERT INTO "element_property" ("rowid","group_id","value_type","key","value") VALUES (48,95,5,'@changed','1');
INSERT INTO "element_property" ("rowid","group_id","value_type","key","value") VALUES (49,96,5,'mofText','1');
INSERT INTO "element_property" ("rowid","group_id","value_type","key","value") VALUES (50,96,5,'mofDims','1');
INSERT INTO "element_property" ("rowid","group_id","value_type","key","value") VALUES (51,104,5,'mofText','1');
INSERT INTO "element_property" ("rowid","group_id","value_type","key","value") VALUES (52,104,5,'mofDims','1');
INSERT INTO "element_property" ("rowid","group_id","value_type","key","value") VALUES (53,108,5,'mofText','1');
INSERT INTO "element_property" ("rowid","group_id","value_type","key","value") VALUES (54,108,5,'mofDims','1');
INSERT INTO "element_property" ("rowid","group_id","value_type","key","value") VALUES (55,112,5,'mofText','1');
INSERT INTO "element_property" ("rowid","group_id","value_type","key","value") VALUES (56,112,5,'mofDims','1');
INSERT INTO "element" ("rowid","slide_id","element_uid","element_type","element_style_type","order_index","x","y","width","height","background_resource_id","foreground_resource_id","internal_mute","from_master") VALUES (1,1,'BACKGROUND',0,0,0,0.0,0.0,1.0,1.0,NULL,NULL,0,0);
INSERT INTO "element" ("rowid","slide_id","element_uid","element_type","element_style_type","order_index","x","y","width","height","background_resource_id","foreground_resource_id","internal_mute","from_master") VALUES (2,1,'AUDIO',5,0,1,0.0,0.0,1.0,1.0,NULL,NULL,0,0);
INSERT INTO "element" ("rowid","slide_id","element_uid","element_type","element_style_type","order_index","x","y","width","height","background_resource_id","foreground_resource_id","internal_mute","from_master") VALUES (3,1,'CONTENT_SONG',6,4,2,0.0,0.0,1.0,1.0,NULL,NULL,0,0);
INSERT INTO "element" ("rowid","slide_id","element_uid","element_type","element_style_type","order_index","x","y","width","height","background_resource_id","foreground_resource_id","internal_mute","from_master") VALUES (4,1,'COPYRIGHT',6,8,3,0.0,0.9200000166893,1.0,0.0799999982118607,NULL,NULL,0,0);
INSERT INTO "element" ("rowid","slide_id","element_uid","element_type","element_style_type","order_index","x","y","width","height","background_resource_id","foreground_resource_id","internal_mute","from_master") VALUES (5,1,'CONTENT_SCRIPTURE',6,5,4,0.0,0.0,1.0,1.0,NULL,NULL,0,0);
INSERT INTO "element" ("rowid","slide_id","element_uid","element_type","element_style_type","order_index","x","y","width","height","background_resource_id","foreground_resource_id","internal_mute","from_master") VALUES (6,2,'BACKGROUND',0,0,0,0.0,0.0,1.0,1.0,NULL,NULL,0,0);
INSERT INTO "element" ("rowid","slide_id","element_uid","element_type","element_style_type","order_index","x","y","width","height","background_resource_id","foreground_resource_id","internal_mute","from_master") VALUES (7,2,'AUDIO',5,0,1,0.0,0.0,1.0,1.0,NULL,NULL,0,0);
INSERT INTO "element" ("rowid","slide_id","element_uid","element_type","element_style_type","order_index","x","y","width","height","background_resource_id","foreground_resource_id","internal_mute","from_master") VALUES (8,2,'CONTENT_SONG',6,4,2,0.0,0.0,1.0,1.0,NULL,1,0,0);
INSERT INTO "element" ("rowid","slide_id","element_uid","element_type","element_style_type","order_index","x","y","width","height","background_resource_id","foreground_resource_id","internal_mute","from_master") VALUES (9,2,'COPYRIGHT',6,8,3,0.0,0.9200000166893,1.0,0.0799999982118607,NULL,2,0,0);
INSERT INTO "element" ("rowid","slide_id","element_uid","element_type","element_style_type","order_index","x","y","width","height","background_resource_id","foreground_resource_id","internal_mute","from_master") VALUES (10,2,'CONTENT_SCRIPTURE',6,5,4,0.0,0.0,1.0,1.0,NULL,3,0,1);
INSERT INTO "element" ("rowid","slide_id","element_uid","element_type","element_style_type","order_index","x","y","width","height","background_resource_id","foreground_resource_id","internal_mute","from_master") VALUES (11,3,'BACKGROUND',0,0,0,0.0,0.0,1.0,1.0,NULL,NULL,0,0);
INSERT INTO "element" ("rowid","slide_id","element_uid","element_type","element_style_type","order_index","x","y","width","height","background_resource_id","foreground_resource_id","internal_mute","from_master") VALUES (12,3,'AUDIO',5,0,1,0.0,0.0,1.0,1.0,NULL,NULL,0,0);
INSERT INTO "element" ("rowid","slide_id","element_uid","element_type","element_style_type","order_index","x","y","width","height","background_resource_id","foreground_resource_id","internal_mute","from_master") VALUES (13,3,'CONTENT_SONG',6,4,2,0.0,0.0,1.0,1.0,NULL,4,0,0);
INSERT INTO "element" ("rowid","slide_id","element_uid","element_type","element_style_type","order_index","x","y","width","height","background_resource_id","foreground_resource_id","internal_mute","from_master") VALUES (14,3,'COPYRIGHT',6,8,3,0.0,0.9200000166893,1.0,0.0799999982118607,NULL,5,0,0);
INSERT INTO "element" ("rowid","slide_id","element_uid","element_type","element_style_type","order_index","x","y","width","height","background_resource_id","foreground_resource_id","internal_mute","from_master") VALUES (15,3,'CONTENT_SCRIPTURE',6,5,4,0.0,0.0,1.0,1.0,NULL,6,0,1);
INSERT INTO "element" ("rowid","slide_id","element_uid","element_type","element_style_type","order_index","x","y","width","height","background_resource_id","foreground_resource_id","internal_mute","from_master") VALUES (31,8,'BACKGROUND',0,0,0,0.0,0.0,1.0,1.0,NULL,NULL,0,0);
INSERT INTO "element" ("rowid","slide_id","element_uid","element_type","element_style_type","order_index","x","y","width","height","background_resource_id","foreground_resource_id","internal_mute","from_master") VALUES (32,8,'AUDIO',5,0,1,0.0,0.0,0.0599999986588955,0.0899999961256981,NULL,NULL,0,0);
INSERT INTO "element" ("rowid","slide_id","element_uid","element_type","element_style_type","order_index","x","y","width","height","background_resource_id","foreground_resource_id","internal_mute","from_master") VALUES (33,8,'TITLE',6,6,2,0.0199999995529652,0.0266660004854202,0.959999978542328,0.150000005960464,NULL,9,0,1);
INSERT INTO "element" ("rowid","slide_id","element_uid","element_type","element_style_type","order_index","x","y","width","height","background_resource_id","foreground_resource_id","internal_mute","from_master") VALUES (34,8,'1-205F94F5-DB27-4367-B80B-0BA22C256AB9',6,2,3,0.000318118371069431,-0.000198870897293091,1.00042414665222,1.00039768218994,NULL,10,0,0);
INSERT INTO "element" ("rowid","slide_id","element_uid","element_type","element_style_type","order_index","x","y","width","height","background_resource_id","foreground_resource_id","internal_mute","from_master") VALUES (35,9,'BACKGROUND',0,0,0,0.0,0.0,1.0,1.0,NULL,NULL,0,0);
INSERT INTO "element" ("rowid","slide_id","element_uid","element_type","element_style_type","order_index","x","y","width","height","background_resource_id","foreground_resource_id","internal_mute","from_master") VALUES (36,9,'AUDIO',5,0,1,0.0,0.0,0.0599999986588955,0.0899999961256981,NULL,NULL,0,0);
INSERT INTO "element" ("rowid","slide_id","element_uid","element_type","element_style_type","order_index","x","y","width","height","background_resource_id","foreground_resource_id","internal_mute","from_master") VALUES (37,9,'TITLE',6,6,2,0.0199999995529652,0.0266660004854202,0.959999978542328,0.150000005960464,NULL,11,0,0);
INSERT INTO "element" ("rowid","slide_id","element_uid","element_type","element_style_type","order_index","x","y","width","height","background_resource_id","foreground_resource_id","internal_mute","from_master") VALUES (38,9,'1-17E3A741-25D6-45C9-BC78-3744EAF9834D',2,0,3,-4.71337698400021e-05,0.0,1.00009429454803,1.0466103553772,NULL,12,0,0);
INSERT INTO "element" ("rowid","slide_id","element_uid","element_type","element_style_type","order_index","x","y","width","height","background_resource_id","foreground_resource_id","internal_mute","from_master") VALUES (39,10,'BACKGROUND',0,0,0,0.0,0.0,1.0,1.0,NULL,NULL,0,0);
INSERT INTO "element" ("rowid","slide_id","element_uid","element_type","element_style_type","order_index","x","y","width","height","background_resource_id","foreground_resource_id","internal_mute","from_master") VALUES (40,10,'AUDIO',5,0,1,0.0,0.0,1.0,1.0,NULL,NULL,0,0);
INSERT INTO "element" ("rowid","slide_id","element_uid","element_type","element_style_type","order_index","x","y","width","height","background_resource_id","foreground_resource_id","internal_mute","from_master") VALUES (41,10,'CONTENT',6,1,2,0.0,0.0,1.0,1.0,NULL,NULL,0,0);
INSERT INTO "element" ("rowid","slide_id","element_uid","element_type","element_style_type","order_index","x","y","width","height","background_resource_id","foreground_resource_id","internal_mute","from_master") VALUES (42,11,'BACKGROUND',0,0,0,0.0,0.0,1.0,1.0,NULL,NULL,0,0);
INSERT INTO "element" ("rowid","slide_id","element_uid","element_type","element_style_type","order_index","x","y","width","height","background_resource_id","foreground_resource_id","internal_mute","from_master") VALUES (43,11,'AUDIO',5,0,1,0.0,0.0,1.0,1.0,NULL,NULL,0,0);
INSERT INTO "element" ("rowid","slide_id","element_uid","element_type","element_style_type","order_index","x","y","width","height","background_resource_id","foreground_resource_id","internal_mute","from_master") VALUES (44,11,'CONTENT_SONG',6,4,2,0.0,0.0,1.0,1.0,NULL,NULL,0,0);
INSERT INTO "element" ("rowid","slide_id","element_uid","element_type","element_style_type","order_index","x","y","width","height","background_resource_id","foreground_resource_id","internal_mute","from_master") VALUES (45,11,'COPYRIGHT',6,8,3,0.0,0.9200000166893,1.0,0.0799999982118607,NULL,NULL,0,0);
INSERT INTO "element" ("rowid","slide_id","element_uid","element_type","element_style_type","order_index","x","y","width","height","background_resource_id","foreground_resource_id","internal_mute","from_master") VALUES (46,12,'BACKGROUND',0,0,0,0.0,0.0,1.0,1.0,NULL,NULL,0,0);
INSERT INTO "element" ("rowid","slide_id","element_uid","element_type","element_style_type","order_index","x","y","width","height","background_resource_id","foreground_resource_id","internal_mute","from_master") VALUES (47,12,'AUDIO',5,0,1,0.0,0.0,1.0,1.0,NULL,NULL,0,0);
INSERT INTO "element" ("rowid","slide_id","element_uid","element_type","element_style_type","order_index","x","y","width","height","background_resource_id","foreground_resource_id","internal_mute","from_master") VALUES (48,12,'CONTENT_SCRIPTURE',6,5,2,0.0,0.0,1.0,1.0,NULL,NULL,0,0);
INSERT INTO "element" ("rowid","slide_id","element_uid","element_type","element_style_type","order_index","x","y","width","height","background_resource_id","foreground_resource_id","internal_mute","from_master") VALUES (49,13,'BACKGROUND',0,0,0,0.0,0.0,1.0,1.0,NULL,NULL,0,0);
INSERT INTO "element" ("rowid","slide_id","element_uid","element_type","element_style_type","order_index","x","y","width","height","background_resource_id","foreground_resource_id","internal_mute","from_master") VALUES (50,13,'AUDIO',5,0,1,0.0,0.0,1.0,1.0,NULL,NULL,0,0);
INSERT INTO "element" ("rowid","slide_id","element_uid","element_type","element_style_type","order_index","x","y","width","height","background_resource_id","foreground_resource_id","internal_mute","from_master") VALUES (51,13,'TITLE',6,6,2,0.0199999995529652,0.0299999993294477,0.959999978542328,0.150000005960464,NULL,NULL,0,0);
INSERT INTO "element" ("rowid","slide_id","element_uid","element_type","element_style_type","order_index","x","y","width","height","background_resource_id","foreground_resource_id","internal_mute","from_master") VALUES (52,13,'SUBTITLE',6,7,3,0.0199999995529652,0.21000000834465,0.959999978542328,0.0750000029802322,NULL,NULL,0,0);
INSERT INTO "element" ("rowid","slide_id","element_uid","element_type","element_style_type","order_index","x","y","width","height","background_resource_id","foreground_resource_id","internal_mute","from_master") VALUES (53,13,'CONTENT_PRESENTATION',6,3,4,0.0199999995529652,0.314999997615814,0.959999978542328,0.65499997138977,NULL,NULL,0,0);
CREATE INDEX IF NOT EXISTS "slide_property_group_Index01" ON "slide_property_group" (
	"link_id",
	"group_name"
);
CREATE INDEX IF NOT EXISTS "slide_property_Index01" ON "slide_property" (
	"group_id"
);
CREATE INDEX IF NOT EXISTS "idx_slides_presentation_id_order_index" ON "slide" (
	"presentation_id",
	"order_index"
);
CREATE INDEX IF NOT EXISTS "resource_web_Index01" ON "resource_web" (
	"resource_id"
);
CREATE INDEX IF NOT EXISTS "resource_video_Index02" ON "resource_video" (
	"file_id"
);
CREATE INDEX IF NOT EXISTS "resource_video_Index01" ON "resource_video" (
	"resource_id"
);
CREATE INDEX IF NOT EXISTS "resource_text_Index01" ON "resource_text" (
	"resource_id"
);
CREATE INDEX IF NOT EXISTS "resource_shape_Index01" ON "resource_shape" (
	"resource_id"
);
CREATE INDEX IF NOT EXISTS "resource_powerpoint_Index02" ON "resource_powerpoint" (
	"file_id"
);
CREATE INDEX IF NOT EXISTS "resource_powerpoint_Index01" ON "resource_powerpoint" (
	"resource_id"
);
CREATE INDEX IF NOT EXISTS "resource_image_Index02" ON "resource_image" (
	"file_id"
);
CREATE INDEX IF NOT EXISTS "resource_image_Index01" ON "resource_image" (
	"resource_id"
);
CREATE INDEX IF NOT EXISTS "resource_gradient_color_Index01" ON "resource_gradient_color" (
	"resource_id"
);
CREATE INDEX IF NOT EXISTS "resource_gradient_Index01" ON "resource_gradient" (
	"resource_id"
);
CREATE INDEX IF NOT EXISTS "resource_feed_pc_Index01" ON "resource_feed_pc" (
	"resource_id"
);
CREATE INDEX IF NOT EXISTS "resource_feed_Index01" ON "resource_feed" (
	"resource_id"
);
CREATE INDEX IF NOT EXISTS "resource_dvd_pc_Index01" ON "resource_dvd_pc" (
	"resource_id"
);
CREATE INDEX IF NOT EXISTS "resource_dvd_Index01" ON "resource_dvd" (
	"resource_id"
);
CREATE INDEX IF NOT EXISTS "resource_color_Index01" ON "resource_color" (
	"resource_id"
);
CREATE INDEX IF NOT EXISTS "resource_audio_Index02" ON "resource_audio" (
	"file_id"
);
CREATE INDEX IF NOT EXISTS "resource_audio_Index01" ON "resource_audio" (
	"resource_id"
);
CREATE INDEX IF NOT EXISTS "resource_Index02" ON "resource" (
	"resource_uid"
);
CREATE INDEX IF NOT EXISTS "resource_Index01" ON "resource" (
	"resource_hash"
);
CREATE INDEX IF NOT EXISTS "presentation_property_group_global_Index01" ON "presentation_property_group_global" (
	"link_id",
	"group_name"
);
CREATE INDEX IF NOT EXISTS "presentation_property_group_Index01" ON "presentation_property_group" (
	"link_id",
	"group_name"
);
CREATE INDEX IF NOT EXISTS "presentation_property_global_Index01" ON "presentation_property_global" (
	"group_id"
);
CREATE INDEX IF NOT EXISTS "presentation_property_Index01" ON "presentation_property" (
	"group_id"
);
CREATE INDEX IF NOT EXISTS "presentation_Index01" ON "presentation" (
	"presentation_uid",
	"presentation_rev_uid"
);
CREATE INDEX IF NOT EXISTS "idx_presentations_group_level_order_index" ON "presentation" (
	"group_level",
	"order_index"
);
CREATE INDEX IF NOT EXISTS "file_Index01" ON "file" (
	"file_hash"
);
CREATE INDEX IF NOT EXISTS "element_property_group_Index01" ON "element_property_group" (
	"link_id",
	"group_name"
);
CREATE INDEX IF NOT EXISTS "element_property_Index01" ON "element_property" (
	"group_id"
);
CREATE INDEX IF NOT EXISTS "element_Index01" ON "element" (
	"slide_id",
	"order_index"
);
COMMIT;
