INSERT INTO "element_property_group" ("rowid","link_id","group_name") VALUES (1,3,'Text_Format');
INSERT INTO "element_property_group" ("rowid","link_id","group_name") VALUES (2,3,'Overrides');
INSERT INTO "element_property_group" ("rowid","link_id","group_name") VALUES (3,4,'Text_Format');
INSERT INTO "element_property_group" ("rowid","link_id","group_name") VALUES (4,4,'Overrides');
INSERT INTO "element_property_group" ("rowid","link_id","group_name") VALUES (5,5,'Text_Format');
INSERT INTO "element_property_group" ("rowid","link_id","group_name") VALUES (6,5,'Overrides');
INSERT INTO "element_property_group" ("rowid","link_id","group_name") VALUES (7,6,'Overrides');
INSERT INTO "element_property_group" ("rowid","link_id","group_name") VALUES (8,6,'Text_Format');
INSERT INTO "element_property_group" ("rowid","link_id","group_name") VALUES (9,6,'Element');
INSERT INTO "element_property_group" ("rowid","link_id","group_name") VALUES (10,9,'Text_Format');
INSERT INTO "element_property_group" ("rowid","link_id","group_name") VALUES (11,9,'Overrides');
INSERT INTO "element_property_group" ("rowid","link_id","group_name") VALUES (12,10,'Text_Format');
INSERT INTO "element_property_group" ("rowid","link_id","group_name") VALUES (13,10,'Overrides');
INSERT INTO "element_property_group" ("rowid","link_id","group_name") VALUES (14,13,'Text_Format');
INSERT INTO "element_property_group" ("rowid","link_id","group_name") VALUES (15,13,'Overrides');
INSERT INTO "element_property_group" ("rowid","link_id","group_name") VALUES (16,14,'Text_Format');
INSERT INTO "element_property_group" ("rowid","link_id","group_name") VALUES (17,14,'Overrides');
INSERT INTO "element_property_group" ("rowid","link_id","group_name") VALUES (18,17,'Text_Format');
INSERT INTO "element_property_group" ("rowid","link_id","group_name") VALUES (19,17,'Overrides');
INSERT INTO "element_property_group" ("rowid","link_id","group_name") VALUES (20,22,'Overrides');
INSERT INTO "element_property_group" ("rowid","link_id","group_name") VALUES (21,22,'Text_Format');
INSERT INTO "element_property_group" ("rowid","link_id","group_name") VALUES (22,22,'Element');
INSERT INTO "element_property_group" ("rowid","link_id","group_name") VALUES (23,25,'Text');
INSERT INTO "element_property_group" ("rowid","link_id","group_name") VALUES (24,25,'Overrides');
INSERT INTO "element_property_group" ("rowid","link_id","group_name") VALUES (25,25,'Text_Format');
INSERT INTO "element_property_group" ("rowid","link_id","group_name") VALUES (26,25,'Text_Style_300');
INSERT INTO "element_property_group" ("rowid","link_id","group_name") VALUES (27,26,'Foreground');
INSERT INTO "element_property_group" ("rowid","link_id","group_name") VALUES (28,26,'Overrides');
INSERT INTO "element_property_group" ("rowid","link_id","group_name") VALUES (29,26,'Element');
INSERT INTO "element_property_group" ("rowid","link_id","group_name") VALUES (30,27,'Background');
INSERT INTO "element_property_group" ("rowid","link_id","group_name") VALUES (31,27,'Foreground');
INSERT INTO "element_property_group" ("rowid","link_id","group_name") VALUES (32,28,'Background');
INSERT INTO "element_property_group" ("rowid","link_id","group_name") VALUES (33,28,'Foreground');
INSERT INTO "element_property_group" ("rowid","link_id","group_name") VALUES (34,29,'Background');
INSERT INTO "element_property_group" ("rowid","link_id","group_name") VALUES (35,29,'Text_Format');
INSERT INTO "element_property_group" ("rowid","link_id","group_name") VALUES (36,29,'Overrides');
INSERT INTO "element_property_group" ("rowid","link_id","group_name") VALUES (37,29,'Foreground');
INSERT INTO "element_property_group" ("rowid","link_id","group_name") VALUES (38,30,'Background');
INSERT INTO "element_property_group" ("rowid","link_id","group_name") VALUES (39,30,'Foreground');
INSERT INTO "element_property_group" ("rowid","link_id","group_name") VALUES (40,31,'Background');
INSERT INTO "element_property_group" ("rowid","link_id","group_name") VALUES (41,31,'Foreground');
INSERT INTO "element_property_group" ("rowid","link_id","group_name") VALUES (42,32,'Background');
INSERT INTO "element_property_group" ("rowid","link_id","group_name") VALUES (43,32,'Text_Format');
INSERT INTO "element_property_group" ("rowid","link_id","group_name") VALUES (44,32,'Overrides');
INSERT INTO "element_property_group" ("rowid","link_id","group_name") VALUES (45,32,'Foreground');
INSERT INTO "element_property_group" ("rowid","link_id","group_name") VALUES (46,33,'Background');
INSERT INTO "element_property_group" ("rowid","link_id","group_name") VALUES (47,33,'Text_Format');
INSERT INTO "element_property_group" ("rowid","link_id","group_name") VALUES (48,33,'Overrides');
INSERT INTO "element_property_group" ("rowid","link_id","group_name") VALUES (49,33,'Foreground');
INSERT INTO "element_property_group" ("rowid","link_id","group_name") VALUES (50,34,'Background');
INSERT INTO "element_property_group" ("rowid","link_id","group_name") VALUES (51,34,'Foreground');
INSERT INTO "element_property_group" ("rowid","link_id","group_name") VALUES (52,35,'Background');
INSERT INTO "element_property_group" ("rowid","link_id","group_name") VALUES (53,35,'Foreground');
INSERT INTO "element_property_group" ("rowid","link_id","group_name") VALUES (54,36,'Background');
INSERT INTO "element_property_group" ("rowid","link_id","group_name") VALUES (55,36,'Text_Format');
INSERT INTO "element_property_group" ("rowid","link_id","group_name") VALUES (56,36,'Text_Style_203');
INSERT INTO "element_property_group" ("rowid","link_id","group_name") VALUES (57,36,'Overrides');
INSERT INTO "element_property_group" ("rowid","link_id","group_name") VALUES (58,36,'Foreground');
INSERT INTO "element_property_group" ("rowid","link_id","group_name") VALUES (59,37,'Background');
INSERT INTO "element_property_group" ("rowid","link_id","group_name") VALUES (60,37,'Foreground');
INSERT INTO "element_property_group" ("rowid","link_id","group_name") VALUES (61,38,'Background');
INSERT INTO "element_property_group" ("rowid","link_id","group_name") VALUES (62,38,'Foreground');
INSERT INTO "element_property_group" ("rowid","link_id","group_name") VALUES (63,39,'Background');
INSERT INTO "element_property_group" ("rowid","link_id","group_name") VALUES (64,39,'Text_Format');
INSERT INTO "element_property_group" ("rowid","link_id","group_name") VALUES (65,39,'Overrides');
INSERT INTO "element_property_group" ("rowid","link_id","group_name") VALUES (66,39,'Foreground');
INSERT INTO "element_property_group" ("rowid","link_id","group_name") VALUES (67,40,'Background');
INSERT INTO "element_property_group" ("rowid","link_id","group_name") VALUES (68,40,'Text_Format');
INSERT INTO "element_property_group" ("rowid","link_id","group_name") VALUES (69,40,'Overrides');
INSERT INTO "element_property_group" ("rowid","link_id","group_name") VALUES (70,40,'Foreground');
INSERT INTO "element_property_group" ("rowid","link_id","group_name") VALUES (71,41,'Background');
INSERT INTO "element_property_group" ("rowid","link_id","group_name") VALUES (72,41,'Text_Format');
INSERT INTO "element_property_group" ("rowid","link_id","group_name") VALUES (73,41,'Overrides');
INSERT INTO "element_property_group" ("rowid","link_id","group_name") VALUES (74,41,'Foreground');




INSERT INTO "element_property" ("rowid","group_id","value_type","key","value") VALUES (1,2,5,'mofText','1');
INSERT INTO "element_property" ("rowid","group_id","value_type","key","value") VALUES (2,2,5,'mofDims','1');
INSERT INTO "element_property" ("rowid","group_id","value_type","key","value") VALUES (3,4,5,'mofText','1');
INSERT INTO "element_property" ("rowid","group_id","value_type","key","value") VALUES (4,4,5,'mofDims','1');
INSERT INTO "element_property" ("rowid","group_id","value_type","key","value") VALUES (5,6,5,'mofText','1');
INSERT INTO "element_property" ("rowid","group_id","value_type","key","value") VALUES (6,6,5,'mofDims','1');
INSERT INTO "element_property" ("rowid","group_id","value_type","key","value") VALUES (7,7,5,'mofText','1');
INSERT INTO "element_property" ("rowid","group_id","value_type","key","value") VALUES (8,7,5,'mofDims','1');
INSERT INTO "element_property" ("rowid","group_id","value_type","key","value") VALUES (9,9,5,'Hidden','1');
INSERT INTO "element_property" ("rowid","group_id","value_type","key","value") VALUES (10,11,5,'mofText','1');
INSERT INTO "element_property" ("rowid","group_id","value_type","key","value") VALUES (11,11,5,'mofDims','1');
INSERT INTO "element_property" ("rowid","group_id","value_type","key","value") VALUES (12,13,5,'mofText','1');
INSERT INTO "element_property" ("rowid","group_id","value_type","key","value") VALUES (13,13,5,'mofDims','1');
INSERT INTO "element_property" ("rowid","group_id","value_type","key","value") VALUES (14,15,5,'mofText','1');
INSERT INTO "element_property" ("rowid","group_id","value_type","key","value") VALUES (15,15,5,'mofDims','1');
INSERT INTO "element_property" ("rowid","group_id","value_type","key","value") VALUES (16,17,5,'mofText','1');
INSERT INTO "element_property" ("rowid","group_id","value_type","key","value") VALUES (17,17,5,'mofDims','1');
INSERT INTO "element_property" ("rowid","group_id","value_type","key","value") VALUES (18,19,5,'mofText','1');
INSERT INTO "element_property" ("rowid","group_id","value_type","key","value") VALUES (19,19,5,'mofDims','1');
INSERT INTO "element_property" ("rowid","group_id","value_type","key","value") VALUES (20,20,5,'mofText','1');
INSERT INTO "element_property" ("rowid","group_id","value_type","key","value") VALUES (21,20,5,'mofDims','1');
INSERT INTO "element_property" ("rowid","group_id","value_type","key","value") VALUES (22,22,5,'Hidden','0');
INSERT INTO "element_property" ("rowid","group_id","value_type","key","value") VALUES (23,23,5,'@mofChanged','1');
INSERT INTO "element_property" ("rowid","group_id","value_type","key","value") VALUES (24,23,5,'@changed','1');
INSERT INTO "element_property" ("rowid","group_id","value_type","key","value") VALUES (25,24,5,'mofText','1');
INSERT INTO "element_property" ("rowid","group_id","value_type","key","value") VALUES (26,27,5,'@changed','1');
INSERT INTO "element_property" ("rowid","group_id","value_type","key","value") VALUES (27,27,5,'@mofChanged','1');
INSERT INTO "element_property" ("rowid","group_id","value_type","key","value") VALUES (28,27,5,'Interactive','1');
INSERT INTO "element_property" ("rowid","group_id","value_type","key","value") VALUES (29,28,5,'mofDims','1');
INSERT INTO "element_property" ("rowid","group_id","value_type","key","value") VALUES (30,28,5,'mofForeground','1');
INSERT INTO "element_property" ("rowid","group_id","value_type","key","value") VALUES (31,29,5,'@changed','1');
INSERT INTO "element_property" ("rowid","group_id","value_type","key","value") VALUES (32,29,5,'@mofChanged','1');
INSERT INTO "element_property" ("rowid","group_id","value_type","key","value") VALUES (33,29,5,'ConstrainDims','1');
INSERT INTO "element_property" ("rowid","group_id","value_type","key","value") VALUES (34,36,5,'mofDims','1');
INSERT INTO "element_property" ("rowid","group_id","value_type","key","value") VALUES (35,44,5,'mofText','1');
INSERT INTO "element_property" ("rowid","group_id","value_type","key","value") VALUES (36,44,5,'mofDims','1');
INSERT INTO "element_property" ("rowid","group_id","value_type","key","value") VALUES (37,48,5,'mofText','1');
INSERT INTO "element_property" ("rowid","group_id","value_type","key","value") VALUES (38,48,5,'mofDims','1');
INSERT INTO "element_property" ("rowid","group_id","value_type","key","value") VALUES (39,56,5,'Hidden','1');
INSERT INTO "element_property" ("rowid","group_id","value_type","key","value") VALUES (40,56,5,'@changed','1');
INSERT INTO "element_property" ("rowid","group_id","value_type","key","value") VALUES (41,57,5,'mofText','1');
INSERT INTO "element_property" ("rowid","group_id","value_type","key","value") VALUES (42,57,5,'mofDims','1');
INSERT INTO "element_property" ("rowid","group_id","value_type","key","value") VALUES (43,65,5,'mofText','1');
INSERT INTO "element_property" ("rowid","group_id","value_type","key","value") VALUES (44,65,5,'mofDims','1');
INSERT INTO "element_property" ("rowid","group_id","value_type","key","value") VALUES (45,69,5,'mofText','1');
INSERT INTO "element_property" ("rowid","group_id","value_type","key","value") VALUES (46,69,5,'mofDims','1');
INSERT INTO "element_property" ("rowid","group_id","value_type","key","value") VALUES (47,73,5,'mofText','1');
INSERT INTO "element_property" ("rowid","group_id","value_type","key","value") VALUES (48,73,5,'mofDims','1');


INSERT INTO "element" ("rowid","slide_id","element_uid","element_type","element_style_type","order_index","x","y","width","height","background_resource_id","foreground_resource_id","internal_mute","from_master") VALUES (26,7,'1-66CECBEE-851D-465A-A953-51ED92BD18CE',2,0,3,-4.71347011625767e-05,0.0,1.00009429454803,1.0466103553772,NULL,2,0,0);
INSERT INTO "element" ("rowid","slide_id","element_uid","element_type","element_style_type","order_index","x","y","width","height","background_resource_id","foreground_resource_id","internal_mute","from_master") VALUES (27,8,'BACKGROUND',0,0,0,0.0,0.0,1.0,1.0,NULL,NULL,0,0);
INSERT INTO "element" ("rowid","slide_id","element_uid","element_type","element_style_type","order_index","x","y","width","height","background_resource_id","foreground_resource_id","internal_mute","from_master") VALUES (28,8,'AUDIO',5,0,1,0.0,0.0,1.0,1.0,NULL,NULL,0,0);
INSERT INTO "element" ("rowid","slide_id","element_uid","element_type","element_style_type","order_index","x","y","width","height","background_resource_id","foreground_resource_id","internal_mute","from_master") VALUES (29,8,'CONTENT',6,1,2,0.0,0.0,1.0,1.0,NULL,NULL,0,0);
INSERT INTO "element" ("rowid","slide_id","element_uid","element_type","element_style_type","order_index","x","y","width","height","background_resource_id","foreground_resource_id","internal_mute","from_master") VALUES (30,9,'BACKGROUND',0,0,0,0.0,0.0,1.0,1.0,NULL,NULL,0,0);
INSERT INTO "element" ("rowid","slide_id","element_uid","element_type","element_style_type","order_index","x","y","width","height","background_resource_id","foreground_resource_id","internal_mute","from_master") VALUES (31,9,'AUDIO',5,0,1,0.0,0.0,1.0,1.0,NULL,NULL,0,0);
INSERT INTO "element" ("rowid","slide_id","element_uid","element_type","element_style_type","order_index","x","y","width","height","background_resource_id","foreground_resource_id","internal_mute","from_master") VALUES (32,9,'CONTENT_SONG',6,4,2,0.0,0.0,1.0,1.0,NULL,NULL,0,0);
INSERT INTO "element" ("rowid","slide_id","element_uid","element_type","element_style_type","order_index","x","y","width","height","background_resource_id","foreground_resource_id","internal_mute","from_master") VALUES (33,9,'COPYRIGHT',6,8,3,0.0,0.9200000166893,1.0,0.0799999982118607,NULL,NULL,0,0);
INSERT INTO "element" ("rowid","slide_id","element_uid","element_type","element_style_type","order_index","x","y","width","height","background_resource_id","foreground_resource_id","internal_mute","from_master") VALUES (34,10,'BACKGROUND',0,0,0,0.0,0.0,1.0,1.0,NULL,NULL,0,0);
INSERT INTO "element" ("rowid","slide_id","element_uid","element_type","element_style_type","order_index","x","y","width","height","background_resource_id","foreground_resource_id","internal_mute","from_master") VALUES (35,10,'AUDIO',5,0,1,0.0,0.0,1.0,1.0,NULL,NULL,0,0);
INSERT INTO "element" ("rowid","slide_id","element_uid","element_type","element_style_type","order_index","x","y","width","height","background_resource_id","foreground_resource_id","internal_mute","from_master") VALUES (36,10,'CONTENT_SCRIPTURE',6,5,2,0.0,0.0,1.0,1.0,NULL,NULL,0,0);
INSERT INTO "element" ("rowid","slide_id","element_uid","element_type","element_style_type","order_index","x","y","width","height","background_resource_id","foreground_resource_id","internal_mute","from_master") VALUES (37,11,'BACKGROUND',0,0,0,0.0,0.0,1.0,1.0,NULL,NULL,0,0);
INSERT INTO "element" ("rowid","slide_id","element_uid","element_type","element_style_type","order_index","x","y","width","height","background_resource_id","foreground_resource_id","internal_mute","from_master") VALUES (38,11,'AUDIO',5,0,1,0.0,0.0,1.0,1.0,NULL,NULL,0,0);
INSERT INTO "element" ("rowid","slide_id","element_uid","element_type","element_style_type","order_index","x","y","width","height","background_resource_id","foreground_resource_id","internal_mute","from_master") VALUES (39,11,'TITLE',6,6,2,0.0199999995529652,0.0299999993294477,0.959999978542328,0.150000005960464,NULL,NULL,0,0);
INSERT INTO "element" ("rowid","slide_id","element_uid","element_type","element_style_type","order_index","x","y","width","height","background_resource_id","foreground_resource_id","internal_mute","from_master") VALUES (40,11,'SUBTITLE',6,7,3,0.0199999995529652,0.21000000834465,0.959999978542328,0.0750000029802322,NULL,NULL,0,0);
INSERT INTO "element" ("rowid","slide_id","element_uid","element_type","element_style_type","order_index","x","y","width","height","background_resource_id","foreground_resource_id","internal_mute","from_master") VALUES (41,11,'CONTENT_PRESENTATION',6,3,4,0.0199999995529652,0.314999997615814,0.959999978542328,0.65499997138977,NULL,NULL,0,0);
