BEGIN TRANSACTION;
CREATE TABLE IF NOT EXISTS "token" (
	"rowid"	integer NOT NULL UNIQUE,
	"presentation_id"	integer,
	"uid"	text,
	"token_name"	text COLLATE UTF8_U_CI,
	"token_type"	int8,
	"token_format"	text,
	"token_interval"	int8,
	"token_time_value"	datetime,
	"token_time_value_fixed"	datetime,
	"token_allow_overrun"	boolean,
	"token_value"	text,
	PRIMARY KEY("rowid"),
	FOREIGN KEY("presentation_id") REFERENCES "presentation"("rowid") ON DELETE CASCADE ON UPDATE CASCADE
);
CREATE TABLE IF NOT EXISTS "slide_property_group" (
	"rowid"	integer NOT NULL UNIQUE,
	"link_id"	integer,
	"group_name"	text,
	PRIMARY KEY("rowid"),
	FOREIGN KEY("link_id") REFERENCES "slide"("rowid") ON DELETE CASCADE ON UPDATE CASCADE
);
CREATE TABLE IF NOT EXISTS "slide_property" (
	"rowid"	integer NOT NULL UNIQUE,
	"group_id"	integer,
	"value_type"	byte,
	"key"	text,
	"value"	text,
	PRIMARY KEY("rowid"),
	FOREIGN KEY("group_id") REFERENCES "slide_property_group"("rowid") ON DELETE CASCADE ON UPDATE CASCADE
);
CREATE TABLE IF NOT EXISTS "slide" (
	"rowid"	integer NOT NULL PRIMARY KEY AUTOINCREMENT UNIQUE,
	"presentation_id"	integer NOT NULL,
	"title"	text,
	"slide_uid"	text,
	"slide_rev_uid"	text,
	"order_index"	integer,
	"layout_flag"	integer,
	"theme_id"	integer,
	"theme_slide_uid"	text,
	"modified_theme_id"	integer,
	"modified_theme_layout_revision"	integer,
	"layout_revision"	integer DEFAULT 1,
	"thumbnail_desired_rev"	integer DEFAULT 1,
	"thumbnail_rev"	integer DEFAULT 1,
	"thumbnail"	jpeg,
	FOREIGN KEY("presentation_id") REFERENCES "presentation"("rowid") ON DELETE CASCADE ON UPDATE CASCADE
);
CREATE TABLE IF NOT EXISTS "resource_web" (
	"rowid"	integer NOT NULL UNIQUE,
	"resource_id"	integer,
	"url"	text COLLATE UTF8_U_CI,
	"remove_scroll_bars"	boolean,
	PRIMARY KEY("rowid"),
	FOREIGN KEY("resource_id") REFERENCES "resource"("rowid") ON DELETE CASCADE ON UPDATE CASCADE
);
CREATE TABLE IF NOT EXISTS "resource_video" (
	"rowid"	integer NOT NULL UNIQUE,
	"resource_id"	integer,
	"file_id"	integer,
	"original_filename"	text,
	"filesize"	int64,
	"modified_date"	datetime,
	"start_pos"	int64 DEFAULT -1,
	"end_pos"	int64 DEFAULT -1,
	"poster_frame_pos"	int64 DEFAULT -1,
	"width"	integer,
	"height"	integer,
	"duration"	int64,
	"repeating"	boolean,
	"alpha_channel_mode"	int8,
	"video_stream_count"	integer,
	"audio_stream_count"	integer,
	"video_stream_type"	integer DEFAULT -1,
	"audio_stream_type"	integer DEFAULT -1,
	"audio_stream_profile"	integer DEFAULT -1,
	PRIMARY KEY("rowid"),
	FOREIGN KEY("resource_id") REFERENCES "resource"("rowid") ON DELETE CASCADE ON UPDATE CASCADE,
	FOREIGN KEY("file_id") REFERENCES "file"("rowid") ON DELETE SET NULL ON UPDATE CASCADE
);
CREATE TABLE IF NOT EXISTS "resource_text" (
	"rowid"	integer NOT NULL UNIQUE,
	"resource_id"	integer,
	"rtf"	rtf,
	PRIMARY KEY("rowid"),
	FOREIGN KEY("resource_id") REFERENCES "resource"("rowid") ON DELETE CASCADE ON UPDATE CASCADE
);
CREATE TABLE IF NOT EXISTS "resource_shape" (
	"rowid"	integer NOT NULL UNIQUE,
	"resource_id"	integer,
	"shape_data"	text,
	PRIMARY KEY("rowid"),
	FOREIGN KEY("resource_id") REFERENCES "resource"("rowid") ON DELETE CASCADE ON UPDATE CASCADE
);
CREATE TABLE IF NOT EXISTS "resource_powerpoint" (
	"rowid"	integer NOT NULL UNIQUE,
	"resource_id"	integer,
	"file_id"	integer,
	"original_filename"	text,
	"filesize"	int64,
	"modified_date"	datetime,
	"width"	integer,
	"height"	integer,
	PRIMARY KEY("rowid"),
	FOREIGN KEY("resource_id") REFERENCES "resource"("rowid") ON DELETE CASCADE ON UPDATE CASCADE,
	FOREIGN KEY("file_id") REFERENCES "file"("rowid") ON DELETE SET NULL ON UPDATE CASCADE
);
CREATE TABLE IF NOT EXISTS "resource_image" (
	"rowid"	integer NOT NULL UNIQUE,
	"resource_id"	integer,
	"file_id"	integer,
	"original_filename"	text,
	"filesize"	int64,
	"modified_date"	datetime,
	"width"	integer,
	"height"	integer,
	PRIMARY KEY("rowid"),
	FOREIGN KEY("file_id") REFERENCES "file"("rowid") ON DELETE SET NULL ON UPDATE CASCADE,
	FOREIGN KEY("resource_id") REFERENCES "resource"("rowid") ON DELETE CASCADE ON UPDATE CASCADE
);
CREATE TABLE IF NOT EXISTS "resource_gradient_color" (
	"rowid"	integer NOT NULL UNIQUE,
	"resource_id"	integer,
	"color_from"	integer,
	"color_to"	integer,
	"percent_from"	double,
	"percent_to"	double,
	"ramp"	int8,
	PRIMARY KEY("rowid"),
	FOREIGN KEY("resource_id") REFERENCES "resource"("rowid") ON DELETE CASCADE ON UPDATE CASCADE
);
CREATE TABLE IF NOT EXISTS "resource_gradient" (
	"rowid"	integer NOT NULL UNIQUE,
	"resource_id"	integer,
	"angle"	integer,
	"transparent"	boolean,
	PRIMARY KEY("rowid"),
	FOREIGN KEY("resource_id") REFERENCES "resource"("rowid") ON DELETE CASCADE ON UPDATE CASCADE
);
CREATE TABLE IF NOT EXISTS "resource_feed_pc" (
	"rowid"	integer NOT NULL UNIQUE,
	"resource_id"	integer,
	"device_name"	text COLLATE UTF8_U_CI,
	"device_uid"	text,
	"video_standard"	integer,
	"color_compression"	text,
	"frame_rate"	integer,
	"input_port"	integer,
	"width"	integer,
	"height"	integer,
	PRIMARY KEY("rowid"),
	FOREIGN KEY("resource_id") REFERENCES "resource"("rowid") ON DELETE CASCADE ON UPDATE CASCADE
);
CREATE TABLE IF NOT EXISTS "resource_feed" (
	"rowid"	integer NOT NULL UNIQUE,
	"resource_id"	integer,
	"feed_type"	int8,
	"modified_date"	datetime,
	"thumbnail"	png,
	PRIMARY KEY("rowid"),
	FOREIGN KEY("resource_id") REFERENCES "resource"("rowid") ON DELETE CASCADE ON UPDATE CASCADE
);
CREATE TABLE IF NOT EXISTS "resource_dvd_pc" (
	"rowid"	integer NOT NULL UNIQUE,
	"resource_id"	integer,
	"segment_bookmark"	blob,
	"clip_bookmark"	blob,
	"bookmark_os_ver"	integer,
	PRIMARY KEY("rowid"),
	FOREIGN KEY("resource_id") REFERENCES "resource"("rowid") ON DELETE CASCADE ON UPDATE CASCADE
);
CREATE TABLE IF NOT EXISTS "resource_dvd_disk" (
	"rowid"	integer NOT NULL UNIQUE,
	"disk_uid"	text,
	"disk_name"	text COLLATE UTF8_U_CI,
	PRIMARY KEY("rowid")
);
CREATE TABLE IF NOT EXISTS "resource_dvd" (
	"rowid"	integer NOT NULL UNIQUE,
	"resource_id"	integer,
	"resource_dvd_disk_id"	integer,
	"modified_date"	datetime,
	"start_pos"	int64 DEFAULT -1,
	"end_pos"	int64 DEFAULT -1,
	"poster_frame_pos"	int64 DEFAULT -1,
	"width"	integer,
	"height"	integer,
	"duration"	int64,
	"repeating"	boolean,
	"clip_title"	integer,
	"clip_chapter"	integer,
	"clip_angle"	integer,
	"clip_audio"	integer,
	"clip_subpicture"	integer,
	"clip_segment_start_pos"	int64,
	"clip_segment_duration"	int64,
	"clip_fps_flag"	integer,
	"thumbnail"	jpeg,
	PRIMARY KEY("rowid"),
	FOREIGN KEY("resource_dvd_disk_id") REFERENCES "resource_dvd_disk"("rowid") ON DELETE CASCADE ON UPDATE CASCADE,
	FOREIGN KEY("resource_id") REFERENCES "resource"("rowid") ON DELETE CASCADE ON UPDATE CASCADE
);
CREATE TABLE IF NOT EXISTS "resource_color" (
	"rowid"	integer NOT NULL UNIQUE,
	"resource_id"	integer,
	"color"	integer,
	PRIMARY KEY("rowid"),
	FOREIGN KEY("resource_id") REFERENCES "resource"("rowid") ON DELETE CASCADE ON UPDATE CASCADE
);
CREATE TABLE IF NOT EXISTS "resource_audio" (
	"rowid"	integer NOT NULL UNIQUE,
	"resource_id"	integer,
	"file_id"	integer,
	"original_filename"	text,
	"filesize"	int64,
	"modified_date"	datetime,
	"start_pos"	int64 DEFAULT -1,
	"end_pos"	int64 DEFAULT -1,
	"duration"	int64,
	"repeating"	boolean,
	"video_stream_count"	integer,
	"audio_stream_count"	integer,
	"video_stream_type"	integer DEFAULT -1,
	"audio_stream_type"	integer DEFAULT -1,
	"audio_stream_profile"	integer DEFAULT -1,
	PRIMARY KEY("rowid"),
	FOREIGN KEY("file_id") REFERENCES "file"("rowid") ON DELETE SET NULL ON UPDATE CASCADE,
	FOREIGN KEY("resource_id") REFERENCES "resource"("rowid") ON DELETE CASCADE ON UPDATE CASCADE
);
CREATE TABLE IF NOT EXISTS "resource" (
	"rowid"	integer NOT NULL UNIQUE,
	"resource_hash"	integer,
	"resource_uid"	text,
	"resource_type"	int8,
	"title"	text COLLATE UTF8_U_CI,
	"author"	text COLLATE UTF8_U_CI,
	"copyright"	text COLLATE UTF8_U_CI,
	"description"	text,
	"tags"	text COLLATE UTF8_U_CI,
	PRIMARY KEY("rowid")
);
CREATE TABLE IF NOT EXISTS "presentation_property_group_global" (
	"rowid"	integer NOT NULL UNIQUE,
	"link_id"	integer,
	"group_name"	text,
	PRIMARY KEY("rowid"),
	FOREIGN KEY("link_id") REFERENCES "presentation"("rowid") ON DELETE CASCADE ON UPDATE CASCADE
);
CREATE TABLE IF NOT EXISTS "presentation_property_group" (
	"rowid"	integer NOT NULL UNIQUE,
	"link_id"	integer,
	"group_name"	text,
	PRIMARY KEY("rowid"),
	FOREIGN KEY("link_id") REFERENCES "presentation"("rowid") ON DELETE CASCADE ON UPDATE CASCADE
);
CREATE TABLE IF NOT EXISTS "presentation_property_global" (
	"rowid"	integer NOT NULL UNIQUE,
	"group_id"	integer,
	"value_type"	byte,
	"key"	text,
	"value"	text,
	PRIMARY KEY("rowid"),
	FOREIGN KEY("group_id") REFERENCES "presentation_property_group_global"("rowid") ON DELETE CASCADE ON UPDATE CASCADE
);
CREATE TABLE IF NOT EXISTS "presentation_property" (
	"rowid"	integer NOT NULL UNIQUE,
	"group_id"	integer,
	"value_type"	byte,
	"key"	text,
	"value"	text,
	PRIMARY KEY("rowid"),
	FOREIGN KEY("group_id") REFERENCES "presentation_property_group"("rowid") ON DELETE CASCADE ON UPDATE CASCADE
);
CREATE TABLE IF NOT EXISTS "presentation" (
	"rowid"	integer NOT NULL PRIMARY KEY AUTOINCREMENT UNIQUE,
	"presentation_uid"	text,
	"presentation_rev_uid"	text,
	"presentation_global_uid"	text,
	"presentation_type"	int8,
	"aspect_ratio"	text,
	"group_level"	integer,
	"order_index"	integer,
	"thumbnail_slide_id"	integer,
	"layout_revision"	integer DEFAULT 1,
	"thumbnail_desired_rev"	integer DEFAULT 1,
	"thumbnail_rev"	integer DEFAULT 1,
	"thumbnail"	jpeg,
	"auto_theme"	boolean,
	"looping"	boolean,
	"title"	text COLLATE UTF8_U_CI,
	"author"	text COLLATE UTF8_U_CI,
	"copyright"	text COLLATE UTF8_U_CI,
	"administrator"	text COLLATE UTF8_U_CI,
	"description"	text,
	"tags"	text COLLATE UTF8_U_CI,
	"reference_number"	text COLLATE UTF8_U_CI,
	"vendor_id"	integer,
	"notes"	text,
	"modified_date"	datetime,
	"ready"	integer DEFAULT 1,
	"error_no"	integer,
	FOREIGN KEY("thumbnail_slide_id") REFERENCES "slide"("rowid") ON DELETE SET NULL ON UPDATE CASCADE
);
CREATE TABLE IF NOT EXISTS "info" (
	"rowid"	integer NOT NULL UNIQUE,
	"version"	text,
	"version_min"	text,
	PRIMARY KEY("rowid")
);
CREATE TABLE IF NOT EXISTS "file" (
	"rowid"	integer NOT NULL UNIQUE,
	"file_hash"	text,
	"filename"	text,
	"shared_filename"	text,
	PRIMARY KEY("rowid")
);
CREATE TABLE IF NOT EXISTS "element_property_group" (
	"rowid"	integer NOT NULL UNIQUE,
	"link_id"	integer,
	"group_name"	text,
	PRIMARY KEY("rowid"),
	FOREIGN KEY("link_id") REFERENCES "element"("rowid") ON DELETE CASCADE ON UPDATE CASCADE
);
CREATE TABLE IF NOT EXISTS "element_property" (
	"rowid"	integer NOT NULL UNIQUE,
	"group_id"	integer,
	"value_type"	byte,
	"key"	text,
	"value"	text,
	PRIMARY KEY("rowid"),
	FOREIGN KEY("group_id") REFERENCES "element_property_group"("rowid") ON DELETE CASCADE ON UPDATE CASCADE
);
CREATE TABLE IF NOT EXISTS "element" (
	"rowid"	integer NOT NULL UNIQUE,
	"slide_id"	integer,
	"element_uid"	text,
	"element_type"	int8,
	"element_style_type"	int8,
	"order_index"	integer,
	"x"	double,
	"y"	double,
	"width"	double,
	"height"	double,
	"background_resource_id"	integer,
	"foreground_resource_id"	integer,
	"internal_mute"	boolean,
	"from_master"	boolean,
	PRIMARY KEY("rowid"),
	FOREIGN KEY("background_resource_id") REFERENCES "resource"("rowid") ON DELETE SET NULL ON UPDATE CASCADE,
	FOREIGN KEY("slide_id") REFERENCES "slide"("rowid") ON DELETE CASCADE ON UPDATE CASCADE,
	FOREIGN KEY("foreground_resource_id") REFERENCES "resource"("rowid") ON DELETE SET NULL ON UPDATE CASCADE
);
INSERT INTO "slide" ("rowid","presentation_id","title","slide_uid","slide_rev_uid","order_index","layout_flag","theme_id","theme_slide_uid","modified_theme_id","modified_theme_layout_revision","layout_revision","thumbnail_desired_rev","thumbnail_rev","thumbnail") VALUES (1,2,'Master','MASTER',NULL,0,2083,NULL,'SONG',NULL,NULL,1575420714821615587,2518624753370454507,4011834106025527021,NULL);
INSERT INTO "slide" ("rowid","presentation_id","title","slide_uid","slide_rev_uid","order_index","layout_flag","theme_id","theme_slide_uid","modified_theme_id","modified_theme_layout_revision","layout_revision","thumbnail_desired_rev","thumbnail_rev","thumbnail") VALUES (2,1,'','9-3F2F43C9-B416-A765-270B-4F328ED75AE0',NULL,0,2083,2,'MASTER',NULL,NULL,586263775616243632,4174883283702560769,4174883283702560769,X'ffd8ffe000104a46494600010100000100010000ffdb0043000302020302020303030304030304050805050404050a070706080c0a0c0c0b0a0b0b0d0e12100d0e110e0b0b1016101113141515150c0f171816141812141514ffdb00430103040405040509050509140d0b0d1414141414141414141414141414141414141414141414141414141414141414141414141414141414141414141414141414ffc000110800c0012003012200021101031101ffc4001f0000010501010101010100000000000000000102030405060708090a0bffc400b5100002010303020403050504040000017d01020300041105122131410613516107227114328191a1082342b1c11552d1f02433627282090a161718191a25262728292a3435363738393a434445464748494a535455565758595a636465666768696a737475767778797a838485868788898a92939495969798999aa2a3a4a5a6a7a8a9aab2b3b4b5b6b7b8b9bac2c3c4c5c6c7c8c9cad2d3d4d5d6d7d8d9dae1e2e3e4e5e6e7e8e9eaf1f2f3f4f5f6f7f8f9faffc4001f0100030101010101010101010000000000000102030405060708090a0bffc400b51100020102040403040705040400010277000102031104052131061241510761711322328108144291a1b1c109233352f0156272d10a162434e125f11718191a262728292a35363738393a434445464748494a535455565758595a636465666768696a737475767778797a82838485868788898a92939495969798999aa2a3a4a5a6a7a8a9aab2b3b4b5b6b7b8b9bac2c3c4c5c6c7c8c9cad2d3d4d5d6d7d8d9dae2e3e4e5e6e7e8e9eaf2f3f4f5f6f7f8f9faffda000c03010002110311003f00fcaaa28a2800a28a2800a28a2800a28a2800a28a2800a28a2800a28a2800a28a2800a28a2800a28a2800a28a2800a28a2800a28a2800a28a2800a28a2800a28a2800a28a2800a28a2800a28a2800a28a2800a28a2800a28a2800a28a2800a28a2800a28a2800a28a2800a28a2800a28a2800a28a2800a28a2800a28a2800a28a2800a28a2800a28a2800a28a2800a28a2800a28a2800a28a2800a28a2800a28a2800a28a2800a28a2800a28a2800a28a2800a28a2800a28a2800a28a2800a28a2800a28a2800a28a2800a28a2800a28a2800a28a2800a28a2800a28a2800a28a2800a28a2800a28a2800a28a2800a28a2800a28a2800a28a2800a28a2800a28a2800a28a2800a28a2800a28a2800a28a2800a28a2800a28a2800a28a2800a28a2800a28a2800a28a2800a28a2800a28a2800a28a2800a28a2800a28a2800a28a2800a28a2800a28a2800a28a2800a28a2800a28a2800a28a2800a28a2800a28a2800a28a2800a28a2800a28a2800a28a2800a28a2800a28a2800a28a2800a28a2800a28a2800a2bedaff00826e7ecade0cf8ff000fc49f1278af48b8f19cfe13b28a4d3bc1d6b7df633a94f22ccca1e50ca54130841f305cb92dc0c1cdfda67c1de14d72cbc3fe12d07f667f11fc16f8b7a9eb96f69636b35f4f7567aa5bb874291bcbb10bf9ad072ab8c1396a00f8de8afb0fc49ff04c3f887a2693af47a7f8bfc11e24f19787ec86a3abf83348d55a4d52d212bb81f2ca005b69071919c8da5b2b9e7fe12ffc13dbc71f16be12f863e2441e2df057877c2daedf4962936bdaa3dac9032492c7970d16d6dcf110aa8ccc77af006e2a01f2e515f5337fc138fe2c1fda466f8371ff0064c9abc5a7aeb126b3f6871a7a5896da272c537fdfca6dd99dc0f61baab7c5efd823c4df0a3e11eb3f12e0f1f780fc69e12d32fa3d3a49fc31aac977234cce89b788b602a5c6e52f9039c723201f31515ed7fb247827e177c40f8b7a668ff14f5bd5b4ad32e6e6da0b2b7d2adfcc37d70f32208247c131a306e5c723b63ad759ff000513f84de13f827fb526bde14f05690ba1f87edaceca58acd269250acf02b39dd233372493c9a00f9a28a28a0028a28a0028a28a0028a28a0028a28a0028a28a0028a28a0028a28a0028a28a0028a28a0028a28a0028a28a0028a28a0028a28a00fa77f637b0f05b43ae6a175f1deffe05fc43b59a31a56a31452b5a5e5b153e6c7294da07cc13867c73f75bb7d87f153f6f5f04fc3ff077c23d0353f1f41f1dfc65e1ff0014db6afab788f4fd2c5ac505ac6d206f2f808f37972ec5da79c12c54919fc9fa2803f587c3ff00197e05fc13fda1fe287ed2763f1874ff001647e27d225874bf08595a4c3506b890c2e6394301b1775b800b05003f246d1bbe68f88ff1a7c1dadffc132be1afc3fb4d7ed64f1c69fe2e9f51bcd1625612c10b3ea043f4db8fdf45d0ff0010af8d68a00fd8ed7ff6ccf855ad7eda9ab5c58eb973af7827c43f0dd342bcd7740b19ee5b4e9d2f2e5c974442e1024dcb0520164cf1923ccfe2ff00c3df097c21ff008258789f44f0a78aef3c5ba3df78b619adb57bfd225d2fed521961dcb14529dccaab137cfd18abe3815f9dbf0a7e2f78bfe0878be2f1478235a9741d76289e15bb8a28e43b1b1b94ac8aca41c0ea2ba2f8cffb507c53fda152ca3f883e32bef115bd93992ded5d2382de37231bc4512a26ec1237633824679a00dbfd917c35e0dd5fe2e697abf8d3e21d87c3eb0f0f5ddaead14d7f6924e2f9e2b846302ec23692013b8e47b57b5ffc14cb52f865f147e245c7c52f037c52d2fc5777aa496ba7c9e1db3b49565b68e3b720ce656c061ba351b42e7e71e95f13d140051451400514514005145140051451400514514005145140051451400514514005145140051451400514514005145140051451400514514005145140051451400514514005145140051451400514514005145140051451400514514005145140051451400514514005145140051451400514514005145140051451400514514005145140051451400514514005145140051451400514514005145140051451400514514005145140051451400514514005145140051451400514514005145140051451400514514005145140051451400514514005145140051451400514514005145140051451400514514005145140051451400514514005145140051451400514514005145140051451400514514005145140051451400514514005145140051451400514514005145140051451400514514005145140051451400514514005145140051451400514514005145140051451400514514005145140051451400514514005145140051451400514514005145140051451400514514005145140051451401fffd9');
INSERT INTO "slide" ("rowid","presentation_id","title","slide_uid","slide_rev_uid","order_index","layout_flag","theme_id","theme_slide_uid","modified_theme_id","modified_theme_layout_revision","layout_revision","thumbnail_desired_rev","thumbnail_rev","thumbnail") VALUES (3,1,'','F-E79D3896-8471-952A-B794-E61E208FB4EB',NULL,1,2083,2,'MASTER',NULL,NULL,8423067326341622370,4174883283702626305,4174883283702626305,X'ffd8ffe000104a46494600010100000100010000ffdb0043000302020302020303030304030304050805050404050a070706080c0a0c0c0b0a0b0b0d0e12100d0e110e0b0b1016101113141515150c0f171816141812141514ffdb00430103040405040509050509140d0b0d1414141414141414141414141414141414141414141414141414141414141414141414141414141414141414141414141414ffc000110800c0012003012200021101031101ffc4001f0000010501010101010100000000000000000102030405060708090a0bffc400b5100002010303020403050504040000017d01020300041105122131410613516107227114328191a1082342b1c11552d1f02433627282090a161718191a25262728292a3435363738393a434445464748494a535455565758595a636465666768696a737475767778797a838485868788898a92939495969798999aa2a3a4a5a6a7a8a9aab2b3b4b5b6b7b8b9bac2c3c4c5c6c7c8c9cad2d3d4d5d6d7d8d9dae1e2e3e4e5e6e7e8e9eaf1f2f3f4f5f6f7f8f9faffc4001f0100030101010101010101010000000000000102030405060708090a0bffc400b51100020102040403040705040400010277000102031104052131061241510761711322328108144291a1b1c109233352f0156272d10a162434e125f11718191a262728292a35363738393a434445464748494a535455565758595a636465666768696a737475767778797a82838485868788898a92939495969798999aa2a3a4a5a6a7a8a9aab2b3b4b5b6b7b8b9bac2c3c4c5c6c7c8c9cad2d3d4d5d6d7d8d9dae2e3e4e5e6e7e8e9eaf2f3f4f5f6f7f8f9faffda000c03010002110311003f00fcaaa28a2800a28a2800a28a2800a28a2800a28a2800a28a2800a28a2800a28a2800a28a2800a28a2800a28a2800a28a2800a28a2800a28a2800a28a2800a28a2800a28a2800a28a2800a28a2800a28a2800a28a2800a28a2800a28a2800a28a2800a28a2800a28a2800a28a2800a28a2800a28a2800a28a2800a28a2800a28a2800a28a2800a28a2800a28a2800a28a2800a28a2800a28a2800a28a2800a28a2800a28a2800a28a2800a28a2800a28a2800a28a2800a28a2800a28a2800a28a2800a28a2800a28a2800a28a2800a28a2800a28a2800a28a2800a28a2800a28a2800a28a2800a28a2800a28a2800a28a2800a28a2800a28a2800a28a2800a28a2800a28a2800a28a2800a28a2800a28a2800a28a2800a28a2800a28a2800a28a2800a28a2800a28a2800a28a2800a28a2800a28a2800a28a2800a28a2800a28a2800a28a2800a28a2800a28a2800a28a2800a28a2800a28a2800a28a2800a28a2800a28a2800a28a2800a28a2800a28a2800a28a2800a28a2800a28a2800a28a2800a28a2800a2bedaff00826e7ecade0cf8ff000fc49f1278af48b8f19cfe13b28a4d3bc1d6b7df633a94f22ccca1e50ca54130841f305cb92dc0c1cdfda67c1de14d72cbc3fe12d07f667f11fc16f8b7a9eb96f69636b35f4f7567aa5bb874291bcbb10bf9ad072ab8c1396a00f8de8afb0fc49ff04c3f887a2693af47a7f8bfc11e24f19787ec86a3abf83348d55a4d52d212bb81f2ca005b69071919c8da5b2b9e7fe12ffc13dbc71f16be12f863e2441e2df057877c2daedf4962936bdaa3dac9032492c7970d16d6dcf110aa8ccc77af006e2a01f2e515f5337fc138fe2c1fda466f8371ff0064c9abc5a7aeb126b3f6871a7a5896da272c537fdfca6dd99dc0f61baab7c5efd823c4df0a3e11eb3f12e0f1f780fc69e12d32fa3d3a49fc31aac977234cce89b788b602a5c6e52f9039c723201f31515eb7fb3c78dfe15780757d6b53f8a1e00baf88c82d9574ad261d41eca113eff99e5910e7685c8036b0c9e9debe8bfdb83e07fc2ad3ff00671f84df19fe1ef8567f87777e2f97cbb8f0ccd7925c2b46627712aef2480a635e576865990ed06803e19a28a2800a28a2800a28a2800a28a2800a28a2800a28a2800a28a2800a28a2800a28a2800a28a2800a28a2800a28a2800a28a2800a28a2803e9dfd8dec3c16d0eb9a85d7c77bff00817f10ed668c695a8c514ad69796c54f9b1ca53681f304e19f1cfdd6edf61fc54fdbd7c13f0ffc1df08f40d4fc7d07c77f19787fc536dabeade23d3f4b16b1416b1b481bcbe023cde5cbb1769e704b152467f27e8a00fd61f0ff00c65f817f04ff00687f8a1fb49d8fc61d3fc591f89f48961d2fc21656930d41ae2430b98e50c06c5dd6e002c1400fc91b46ef9a3e23fc69f076b7ff0004caf86bf0fed35fb593c71a7f8ba7d46f34589584b042cfa810fd36e3f7d1743fc42be35a2803f63b5ffdb33e156b5fb6a6ad7163ae5cebde09f10fc374d0af35dd02c67b96d3a74bcb9725d110b8409372c14805933c648f33f8bff0f7c25f087fe0961e27d13c29e2bbcf16e8f7de2d866b6d5eff0048974bfb548658772c514a7732aac4df3f462af8e057e76fc29f8bde2ff821e2f8bc51e08d6a5d075d8a27856ee28a390ec6c6e52b22b290703a8ae8be33fed41f14ff006854b28fe20f8cafbc456f64e64b7b5748e0b78dc8c6f1144a89bb048dd8ce0919e6803bdfd87bc19f053c49f126eb53f8e1e2c8342f0ee8e915c5b69570afb35594b1f91dd012117682ca002db80c819cfad7fc14375bf067c5a03c69a57c7fd17c69269cf1e9fa2781347d065b2834eb3279d8ed2b024055dcdb416c0036aaaa8f85a8a0028a28a0028a28a0028a28a0028a28a0028a28a0028a28a0028a28a0028a28a0028a28a0028a28a0028a28a0028a28a0028a28a0028a28a0028a28a0028a28a0028a28a0028a28a0028a28a0028a28a0028a28a0028a28a0028a28a0028a28a0028a28a0028a28a0028a28a0028a28a0028a28a0028a28a0028a28a0028a28a0028a28a0028a28a0028a28a0028a28a0028a28a0028a28a0028a28a0028a28a0028a28a0028a28a0028a28a0028a28a0028a28a0028a28a0028a28a0028a28a0028a28a0028a28a0028a28a0028a28a0028a28a0028a28a0028a28a0028a28a0028a28a0028a28a0028a28a0028a28a0028a28a0028a28a0028a28a0028a28a0028a28a0028a28a0028a28a0028a28a0028a28a0028a28a0028a28a0028a28a0028a28a0028a28a0028a28a0028a28a0028a28a0028a28a0028a28a0028a28a0028a28a0028a28a0028a28a0028a28a0028a28a0028a28a0028a28a0028a28a0028a28a0028a28a0028a28a0028a28a0028a28a0028a28a0028a28a0028a28a0028a28a00fffd9');
INSERT INTO "slide" ("rowid","presentation_id","title","slide_uid","slide_rev_uid","order_index","layout_flag","theme_id","theme_slide_uid","modified_theme_id","modified_theme_layout_revision","layout_revision","thumbnail_desired_rev","thumbnail_rev","thumbnail") VALUES (4,1,'','8-AA813FC0-F47F-9B28-50F2-345D19F151C5',NULL,2,2083,2,'MASTER',NULL,NULL,6254280883481170572,4174883283702691841,4174883283702691841,X'ffd8ffe000104a46494600010100000100010000ffdb0043000302020302020303030304030304050805050404050a070706080c0a0c0c0b0a0b0b0d0e12100d0e110e0b0b1016101113141515150c0f171816141812141514ffdb00430103040405040509050509140d0b0d1414141414141414141414141414141414141414141414141414141414141414141414141414141414141414141414141414ffc000110800c0012003012200021101031101ffc4001f0000010501010101010100000000000000000102030405060708090a0bffc400b5100002010303020403050504040000017d01020300041105122131410613516107227114328191a1082342b1c11552d1f02433627282090a161718191a25262728292a3435363738393a434445464748494a535455565758595a636465666768696a737475767778797a838485868788898a92939495969798999aa2a3a4a5a6a7a8a9aab2b3b4b5b6b7b8b9bac2c3c4c5c6c7c8c9cad2d3d4d5d6d7d8d9dae1e2e3e4e5e6e7e8e9eaf1f2f3f4f5f6f7f8f9faffc4001f0100030101010101010101010000000000000102030405060708090a0bffc400b51100020102040403040705040400010277000102031104052131061241510761711322328108144291a1b1c109233352f0156272d10a162434e125f11718191a262728292a35363738393a434445464748494a535455565758595a636465666768696a737475767778797a82838485868788898a92939495969798999aa2a3a4a5a6a7a8a9aab2b3b4b5b6b7b8b9bac2c3c4c5c6c7c8c9cad2d3d4d5d6d7d8d9dae2e3e4e5e6e7e8e9eaf2f3f4f5f6f7f8f9faffda000c03010002110311003f00fcaaa28a2800a28a2800a28a2800a28a2800a28a2800a28a2800a28a2800a28a2800a28a2800a28a2800a28a2800a28a2800a28a2800a28a2800a28a2800a28a2800a28a2800a28a2800a28a2800a28a2800a28a2800a28a2800a28a2800a28a2800a28a2800a28a2800a28a2800a28a2800a28a2800a28a2800a28a2800a28a2800a28a2800a28a2800a28a2800a28a2800a28a2800a28a2800a28a2800a28a2800a28a2800a28a2800a28a2800a28a2800a28a2800a28a2800a28a2800a28a2800a28a2800a28a2800a28a2800a28a2800a28a2800a28a2800a28a2800a28a2800a28a2800a28a2800a28a2800a28a2800a28a2800a28a2800a28a2800a28a2800a28a2800a28a2800a28a2800a28a2800a28a2800a28a2800a28a2800a28a2800a28a2800a28a2800a28a2800a28a2800a28a2800a28a2800a28a2800a28a2800a28a2800a28a2800a28a2800a28a2800a28a2800a28a2800a28a2800a28a2800a28a2800a28a2800a28a2800a28a2800a28a2800a28a2800a28a2800a28a2800a28a2800a2bedaff00826e7ecade0cf8ff000fc49f1278af48b8f19cfe13b28a4d3bc1d6b7df633a94f22ccca1e50ca54130841f305cb92dc0c1cdfda67c1de14d72cbc3fe12d07f667f11fc16f8b7a9eb96f69636b35f4f7567aa5bb874291bcbb10bf9ad072ab8c1396a00f8de8afb0fc49ff04c3f887a2693af47a7f8bfc11e24f19787ec86a3abf83348d55a4d52d212bb81f2ca005b69071919c8da5b2b9e7fe12ffc13dbc71f16be12f863e2441e2df057877c2daedf4962936bdaa3dac9032492c7970d16d6dcf110aa8ccc77af006e2a01f2e515f5337fc138fe2c1fda466f8371ff0064c9abc5a7aeb126b3f6871a7a5896da272c537fdfca6dd99dc0f61baab7c5efd823c4df0a3e11eb3f12e0f1f780fc69e12d32fa3d3a49fc31aac977234cce89b788b602a5c6e52f9039c723201f31515eedfb27eb5f0e74df11ea569e33f84fa9fc60f116a0d6f6fe1dd06c6fa4b5469897f37798cee624796157638fbdd2bdd3fe0a19f043e167c39f869f0cfc4de1bf0849f0b3c7fe200d2ea9e0593506ba92dadf69fdeb866250870aa080a1b71caee53800f8568a28a0028a28a0028a28a0028a28a0028a28a0028a28a0028a28a0028a28a0028a28a0028a28a0028a28a0028a28a0028a28a0028a28a00fa77f637b0f05b43ae6a175f1deff00e05fc43b59a31a56a31452b5a5e5b153e6c7294da07cc13867c73f75bb7d87f153f6f5f04fc3ff00077c23d0353f1f41f1dfc65e1ff14db6afab788f4fd2c5ac505ac6d206f2f808f37972ec5da79c12c54919fc9fa2803f587c3ff197e05fc13fda1fe287ed2763f1874ff1647e27d225874bf08595a4c3506b890c2e6394301b1775b800b05003f246d1bbe68f88ff001a7c1dadff00c132be1afc3fb4d7ed64f1c69fe2e9f51bcd1625612c10b3ea043f4db8fdf45d0ff10af8d68a00fd8ed7ff006ccf855ad7eda9ab5c58eb973af7827c43f0dd342bcd7740b19ee5b4e9d2f2e5c974442e1024dcb0520164cf1923ccfe2ffc3df097c21ff8258789f44f0a78aef3c5ba3df78b619adb57bfd225d2fed521961dcb14529dccaab137cfd18abe3815f9dbf0a7e2f78bfe0878be2f1478235a9741d76289e15bb8a28e43b1b1b94ac8aca41c0ea2ba2f8cff00b507c53fda152ca3f883e32bef115bd93992ded5d2382de37231bc4512a26ec1237633824679a00eb3f655f87be01f1acfac5e7887e3537c16f186953db4fa0ea2d048c928c49e69f35190c4ea44586de0fcc700f6f7ff00dbd7e397c3ed6ff671f86bf0af4bf882ff001a3c77a0df35ddff008e2585cbf92566cc465724b1632c63019f8814b1dd8af80a8a0028a28a0028a28a0028a28a0028a28a0028a28a0028a28a0028a28a0028a28a0028a28a0028a28a0028a28a0028a28a0028a28a0028a28a0028a28a0028a28a0028a28a0028a28a0028a28a0028a28a0028a28a0028a28a0028a28a0028a28a0028a28a0028a28a0028a28a0028a28a0028a28a0028a28a0028a28a0028a28a0028a28a0028a28a0028a28a0028a28a0028a28a0028a28a0028a28a0028a28a0028a28a0028a28a0028a28a0028a28a0028a28a0028a28a0028a28a0028a28a0028a28a0028a28a0028a28a0028a28a0028a28a0028a28a0028a28a0028a28a0028a28a0028a28a0028a28a0028a28a0028a28a0028a28a0028a28a0028a28a0028a28a0028a28a0028a28a0028a28a0028a28a0028a28a0028a28a0028a28a0028a28a0028a28a0028a28a0028a28a0028a28a0028a28a0028a28a0028a28a0028a28a0028a28a0028a28a0028a28a0028a28a0028a28a0028a28a0028a28a0028a28a0028a28a0028a28a0028a28a0028a28a0028a28a0028a28a0028a28a0028a28a00ffd9');
INSERT INTO "slide" ("rowid","presentation_id","title","slide_uid","slide_rev_uid","order_index","layout_flag","theme_id","theme_slide_uid","modified_theme_id","modified_theme_layout_revision","layout_revision","thumbnail_desired_rev","thumbnail_rev","thumbnail") VALUES (5,1,'','2-6D490AC4-7495-964E-E60B-7047A90E896C',NULL,3,2083,2,'MASTER',NULL,NULL,4174883285684828161,4174883285685614593,4174883285685614593,X'ffd8ffe000104a46494600010100000100010000ffdb0043000302020302020303030304030304050805050404050a070706080c0a0c0c0b0a0b0b0d0e12100d0e110e0b0b1016101113141515150c0f171816141812141514ffdb00430103040405040509050509140d0b0d1414141414141414141414141414141414141414141414141414141414141414141414141414141414141414141414141414ffc000110800c0012003012200021101031101ffc4001f0000010501010101010100000000000000000102030405060708090a0bffc400b5100002010303020403050504040000017d01020300041105122131410613516107227114328191a1082342b1c11552d1f02433627282090a161718191a25262728292a3435363738393a434445464748494a535455565758595a636465666768696a737475767778797a838485868788898a92939495969798999aa2a3a4a5a6a7a8a9aab2b3b4b5b6b7b8b9bac2c3c4c5c6c7c8c9cad2d3d4d5d6d7d8d9dae1e2e3e4e5e6e7e8e9eaf1f2f3f4f5f6f7f8f9faffc4001f0100030101010101010101010000000000000102030405060708090a0bffc400b51100020102040403040705040400010277000102031104052131061241510761711322328108144291a1b1c109233352f0156272d10a162434e125f11718191a262728292a35363738393a434445464748494a535455565758595a636465666768696a737475767778797a82838485868788898a92939495969798999aa2a3a4a5a6a7a8a9aab2b3b4b5b6b7b8b9bac2c3c4c5c6c7c8c9cad2d3d4d5d6d7d8d9dae2e3e4e5e6e7e8e9eaf2f3f4f5f6f7f8f9faffda000c03010002110311003f00fcaaa28a2800a28a2800a28a2800a28a2800a28a2800a28a2800a28a2800a28a2800a28a2800a28a2800a28a2800a28a2800a28a2800a28a2800a28a2800a28a2800a28a2800a28a2800a28a2800a28a2800a28a2800a28a2803d8cf5a17ef0fad07ad0bf787d68003d052b77fc290f4152246646207b1a008c0c9c54a9192401c9afa0fe147ec79e28f1958c3ad788c9f0af87e401e369e2df77708467747164155c73b9ca820e54357d15e0cf875e0ff008776acde16d1923b88be66d5ef6333de2b2f19df8f970719f282020f39a00f8ef40fd9c7c79aed9c57c7419f4bd3a45deb77aa916a8eb827722be1a4181fc0ad5da41fb3169da743e6eafe2979a43c2436167b165209c857999587231931d7d2dabdb6a77361a86a1acdcc9a4d9d83b88efeeae116392766c12ecee170dd4293c01dbb79678f3e2cf80f4ed360d3e5f14aebd240c1bcbd3ac5a7752df33a9918c48c3271c3b0e38a00c5b0f823e00d574c9bfb0746d6efb53ced8a1d52f4c84e09dd21114516230a09e4e739e78acbbaf859617426bcb4f08e8365a440c22fb45ccf785a56e7383f6d0b8c8233dea87893f69ad2f515cc3a36a6f766378cde477d1da707ee8f2d6273c727871c9ac1d73f69bd47c49e1fb6d1750f0f69b73616d188e20f34e1801dced7009f7c7e1401d28f8596969e45ccbe12d06eb4cb96f252e2d67bc0d1bf1c926f48c64e335b3a9fc10f045868d036afa16b967abb48f14d6fa65e32f96dc6d62b2452e50e41001cf3d6b89d2bf6a6d5343f0ddde8563e1dd2acf4eba88c52ac265f330704956676c371d6b77c3ffb52e9da63bcc9a36a7677e5557ed7f6e8aec74c31d8614eb807963820fad0053b9fd99748d50bff0062f8bdade444064b7d62c4a79279f959e3676c81b727cb1f7bb5707e20fd9fbc71e1f82e2e8e8736a56102ef92ef4b65ba8e35c03b9fcb2590723ef85afa0bc3bf15be1c6a1289b4ff00124da3dcb19246835681e192690a6170e3cc8d3903ef48074e95ea3a0c325c59dbddd8de35e3c8eb309ed9c490bbaf0446e84a9ea7383d547e201f9d0f16dcf50476348aa4329f5afd13f177c20f0b7c4ad320bad7b472f75317ff004e863fb2dfc6a7eeee7e9293824798adc0c023ad7cd3f163f649f147816d2eb56d0b3e28f0ec20bb5c5bc412e6dd701b74b0062c17041deb918ebb7a500780f6fc29b4f236f1e829940051451401e3b4514500145145001451450014514500145145001451450014514500145145007b19eb42fde1f5a0f26ba8f877f0fb59f899e2bd3fc3ba0d9b5e6a97b26d8d3a2a81cb3b1fe15500927b014015bc1fe09d6fc75e20b4d0f42d366d4f55ba62b0dbc4393dc927a050324938000c9afd03f817fb24e89f089d2ef5bb387c51e31c8449f7836968f824ac40f571c82ec38232a01539ef3e01fc08d2be06e813c56be45ddf4aa1b54d4a61b1ee0a9dc70dcf970212303ab151eb553f684fda33c31f025156eac5b58f12b440d86952613e52bc4b3807f771e3002637101bfbcc4006debb7ba6784b41bad6bc41acd8e956103ed96f6fcfc9bb96da8ab9676ceec22e4e198738af93fe2bfedb867924b1f00e9d1c5026366abaa46ad2065fbad1c23e55fabefcf076a9af9ebe28fc5ff13fc5bf11cbacf896fdaf666cf95028d905ba9fe18e31c28fd4f5249e6b8743cfe228037fc59e3ef1078e75237de20d5eef58b9e76bddca5f60f4507851ec001582e7934ca7b0e724e05003465b8eb5e8fe1df80de31f137c30d57c7ba7e9627f0f69aec9349e6a895b6ecdec91e7732af989b881c67d8e389f0f6877fe23d7b4fd2b4cb67bbd42fae12dada18c73248ec15547d4915f5168fe24d69bf6b0d23c1bf0f3c5b6be17f08fc26d0aeeceff005ebbb5fb4d9e76ff00c4c2e258491e679970caa173fc084741401e43f193f67bf11fc17b0d1ae75892c6ea3d44346c6c65327d92e5155a4b69b206d95448991d39e09c1af2ae54fa115f42f81ac3c49ab7c4bf8d1f00fc7776daa78ab57bd9f5cd1ae98604bac421a50d18e816eadd980edf731ce2be7f9e3293bab02083822801ab29e4e066ba0f08fc41f11780b525bcd0357bad2a7c8dc6ddcaab8f465e8c3d8822b9c1dfe94375a00fae3e177eda11fdaa7b5f1ed948e6f1f326b1a6e000db71ba5b7c1561d33b36e0670a49afabb48d46c756d26cf5cf0cde47aadadc8dadaad84cc635e99e00055c67eeb007951d4d7e4ce78aee7e177c5ff12fc27d69b50f0ede184c802dcd9cb97b7ba41fc3226403d4e0f51d41079a00fb5be3a7ec9fa0fc518ee753d0e383c3be300a656544db6b783b7988bf718f1fbc5e0e46e196247c19e2bf076b1e0ed76eb45d6b4e9b4cd52d1b64f6d38dacbc641f4208c10464104115fa6ffb3bfc6bf0bfc7b826920896c35e8409aff49948322a640cc676fefe0dc47c8482bb8f42177697c7dfd9f345f8ebe1f36972ab61e20b34274fd65bac21bfd5c72e33be06e9b813b1b71c0cb5007e4d32953cd25747e3bf046b1f0fbc4d7fe1fd76c25d3f55b29024b0c9ce7232aca470cac08208e08208ae77a50078e5145140051451400514514005145140051451400514514005145140051451401edba769f71a9df5bdada4125d5d4eeb1c5042a59e473c0500724927a57e9cfece7f02ec3e016816f657604be36d5e20da9deab0296a0a92b6d9271b5720b1c10c471b8018f02fd86be0cc57735c7c40d5a248d20df6da4199432890712ce47fb20ec5270371241ca0afa4bc7ff14b41f85fe0fd5fc5b37cd3d848b1c16b349f35dccfcac6a3b670599b8c2ee397e940147f69dfda4edbe03787161b268aefc65a80df6564c015b700902ee65e7851858e3381905b19071f98faf788350f136b37baaea97735fea17729967b89dcb3c8c7a924d74faa5f78afe3efc4b9267136b9e29d7ae80489072ee785451d15554000701557b015d1f88bf64ff8b3e1984cd73e08d4aeedc0c99f4a0ba844319ce5edd9c0c60e79e2803c90b673c50bd47d4559bcd2ee6c2e1a0b9864b79d0e1a3990a303ee0f35014d847734011d3dbe6e33cfa5329fb72de9401ecffb385cc3e076f187c54bc5568bc0fa43dd592c9f724d4a73e459a11dfe7667ff00b6754bc2a24f865fb2835e4923ff00c247f14f5479ae6590e64feccb293e5073c8f36e198e7f8845df155be25c171e1efd97be1f78534f8d9f5af881e219f549634e1a482db16d6a87d8cb2ce476ca9f4ad1fdaa6fadacfe262784b4c7dda4782b4fb7f0cdae3b9b640b337fc0a6329cfbd002fc67f125fb7847e0e7c78d0a5f27c53e1eb94f0eeab2e320dc5a0592ce56f5f320255b3d7cb3553f695f0ee9da6fc476d774218f0e78b2ce1f12e983b2c574bbda3ff8049e627fc06acfc15b76f1ff00c3bf8abf0d241e6cfad68a756d2a23c937f604ce8abe85a2f3d7dea86997c3e22fec77e1dbf66f3355f01eb5368b3f77fb0dd8f3edcb77dab224ea3fdec5007960e8686eb42f7fa52375a004a72b6d34a89bc9ed5a7a1f85b56f13df259e8fa75deab76e7096f656ef348df455049a005f0c78a755f067886c75cd12fa6d3754b2904b05cc0d8646e9f88232083c10483c1afd3dfd9cbf68db6fda07c1b790bc915878aad222753b4418c02369b987a651ced2e991827fdd2df0ae8dfb1dfc5cd5e385cf84a4d33ce3b618f58ba82c24958e30a91cceacc4e40c01d4d70fe0af177883e0f78eed357d39df4fd6b4ab96578a5040dc09578a45ee0fccac3dcd007e847ed3df02e1f8e5e1989b4f8ade3f19e9c1974e910853711fde36ce7807273b49e558fcc00624fe675e5a4b6b77343346d0cb139478e404329070411d88afd57f877e3fd3fe2778493c57a54e6dec2ea224da8237c170a41921ee4b292a54f39520854c8af923f6c5f862b752a7c47d2a1db6f7f3fd9f5589536f9771fc3290090378186e4fccb9272f8a00fcf4a28a2800a28a2800a28a2800a28a2800a28a2800a28a2800a28a2800a28a2803f70bc337363e1cb2b4f0e6830a359e9b08b4896304fc880ae463aee3862cb9dc58922be18fdac7e2a43e36f1e7f61694f9f0fe80cf6d1107227b82409a5e38392a14638c283dcd7d2bf12fe25d9f827c1be2df146977090de465ac74d88c3868e6919d5580c7c9228dee4e48cc440f7fcf6925f31f38c1cf5a00fac3f661f86d3683e15fedf92ebfb235ef15c77569a76a6d80746d1e11ff00133d573d885fdc467aef73d41ae55bf687f03699e27b98b4af851a7695e1eb67f2f4e9f40d56f748d4c429f2c6d2dc432e2472b924b21e4f7c57b6102cbe2678f7c74de304f0f7836cbc17a05be99a3c9a026ab66747bb455292405d49449d1831521b2d93e95c71f077c2af1a2192d6c3c03ae4ce7066f0e789aefc37744e3fe7d752578b1feeb0a00af67fb50785f56863b5baf1678e6ca03b41b5f14d869be2ab451e85a68e39f19feeb0ab126a3f0bbc6532f9d79f0935b6c33149f4bd5fc2b3e7000fde42d2439cf6c1aa7af7ec7ba1bdbfda52c7e2378423ce375ee8517882dcf4e44fa6c8fc7fc009af30d4ff00675d3e195e1d3fe2978364b80db7ec5accd71a35d0e70774777147b48ee09a00f513f04fe1debf385b2f0ac32c8f28458fc2bf1434bb8de0e3fd5a5e471b9fa360d32fbf63bd3e59d1a1f0d7c55d36dc9c6f8f47b0d6141f76b6ba181ff01af2e5fd933e26dcda0b9d3343b5d7a071bd25d1357b3be0ebd32a2299891f41573c0bfb31fc595f885e1eb3baf03f89b4d8e6d4208e4bc4b29912142e37399546140193bb3c5004977e3bd1350fdb77e16e9d6ba07896e7c2be005b2d2ffb3df4b73a8b3db6e96695ad57730633333b28c9c035d1ebbfb3769baeeb97fa8ddf8bbc566eaf2e64b991a4f86bace59998b1271191d4fad54f00f89355d7be397ed5ff00113449af1efed2cafadeca6b35632a0b9d422855948f994ac6a791d0035e5a7e21fc4db6c2ff00c247e2c8803c2fdbae547fe85401f40fc1af831a37c2ef89fe1bf15a7893c5b7e9a5de24f2db41f0e758569a3e8e80b4781b9495c9f5af0ffd9cb5ad1e0f893f14be166a3a3788e1d23c681ad2d2d34dd34dc5fd95c5b5c19edcb5b12a49550eac320805ba0c91463f88bf1367914ffc245e2c95811ff2fd727ff66af62d5f50b9f0b7fc1483e16f89afa39b4f7f15586917177bff0077296bcb116d3161d43162e4fbd006c69ffb22e956a99bef06fc50bc4e584972348d10151dcadcdd3328f7352d97c26f863a32a3def87341b7201ddff093fc50b66efc663d3e076247a647d6bc7eebf659f8bd26b37d65ff00081788ee26b699e27b8361288dcab10595d800c0f5041e73525c7eca7f113498926d6ecf47f0ddb160ad71adf882c2cd509f50f306cfb633401ec91f8d7e15f83b70b0d5fe1b696620db62d1bc1ba86bb72a739005c5fca91b1e3ef63bd676b1fb5878716d8dbff6a7c45f12c05403689a9da786ed1b19eb1e9f08623a7f1e7debce741fd9db45d46548aefe2a785e4b86601acfc370de6bb72bff0000b48581e9d9b1ef5e9ba4fec8de1eb2b237771a27c44f115b81b8dedc5a59f862cd00c962cf7f2172a07248418a00e57c1ff197c0fe3ff16c3e1ef10780fc3de14d17543f658bc4f6a6e27d5b49b8ce6deec5dcd2b3931c814b7404162693f6a9f036a17bb3c7b77611586bcb7cda1f8c2c61185b7d5e35045c281ff2ceea2db329f52d9e4d7731e95f09fc04d1ca07c35d0678cf125fdf5ff8c2f0e0e79860115b06fa92bdb35a9e33d38ecf89be2dbdf145df89742f16fc3fb7d53538352d322b131dd7da45be926286362230446cca324ec1ce73c007937ec7bf1507847c6f27862fe554d23c44c96e924adf25bdd748a4c1e307250e78f9813f76becbf185a69d71a56bda2f896345d12e2c9e39de56740a8bbb3b8856604326e0db485203007a57e5947298d81190c0e411c106bf45be1ef8f6fbc73e00d13c69680ea1a9c969225f5b1081e4bd8d446aa1994aee670b22ab2b2fef541e33401f9054514500145145001451450014514500145145001451450014514500145145007e80fed8de3037b2683a34016de19dee3587b758423a0791a28924c0e593cb97b91fbc38eb5f312f2e3eb5eb9fb57ea66f3e3ef8b20499a64b0b81601d94292d128490e07ab873f8d79101922803ec5f817ad5878c3e1c785df56982e9f60f73e01f12391931e9ba931934fb924f004578a541ec1abe52f16f86efbc17e28d5b42d4a230ea3a75d4b697087b3a31561f4c8aefff00676f19e95a0f8c6eb41f144a57c19e2bb47d135a278f2a2931b2e01ecd14812407ae15bd6bd0ff006a2f02eabacd847e31d46307c53a34c9e1bf18c483a5e44805adf01ff3ceea00ac0f4ca91924d007cf5a1f8a757f0d4a65d2355bdd2a5ebbecae1e239faa915e91a4fed5df15f4bb41683c6da86a16b9ff0053ab2c77e87f09d5c57924a863720fe9420cfe62803d797f694d4eef77f6cf833c03e2191892d35f7856d23739ebf340b191f51cfbd7a27c07f88da17c54f89fe1df066a5e00d334ab3d5a57b696ef40d5f54b29e30636219717453e5201c3290718ef9af9702e466bd9ff0063d04fed21e0eda79f32720fbfd9a5c50060fec997ba3f827c07f117e21ea56de20b99ad2fb4ed1ec61d175f9b4962671732c864962059b02dd303a64e6bd4e1fdb02ca0561147f1360ddda3f8913b01f4df6cd5e2ff000a3fe4d17c6046413e35d373ff0080577ffd7ae30266803e9e7fdb1ac6483ca96cbe23ddafacff00126e813ff7ee05af28fda9b45d0b53f177c25f1b69c35bb7b1f18d824d76355d625d46e21961bb7b79025c49f3f0aaa467a64579bb26daee3f6866fb3fecf9f00af1389e3975d40decb750bafeaed401ebbf1afe2a787fc15f127c59e12b2f86fa3dfd9693a84da7a4faeeadaa5fcd2089ca12e5ee829c95271b70338e6b8c5fda735ad36559342f097813c352a9cacba77852cd9c7e32a486aafed5b6cb6ffb487c4555e8dacdc487eacdb8fea6bca1d706803d5f5afdaabe2a6b5682d24f1c6ab696a3a5be98eb6518fa2c21001ed5e6faaebda86bd7227d46fae6fe73c799753348df9b126b3b0452a2ee6a00edfe0e7c379fe2cfc48d0bc356f30b54bc9b37572718b6b7405e694e78c2c6acdf857bafed45f116d9fe1fe9d6b6101b01e33bb4d663b400a9b7d12d53ecba4c47d9d5659f6f62e2b43e03fc2e83c31e0331eb531d2ef3c6b60f79ab5ef46d1fc2d1306b898e390f76cab0c63192324679af9efe347c489be2b7c44d57c46f00b4b7b8711da59a0012d6d635090c2a071854551ee727bd0070eed93f4afa7ff64cf1addc1e10f1e6830a25dc96b66daa5adb4e5b69cc6d04aa3690433b496cb95391d474af9802e71ea6bd2ff67ff17da7823e21ade6a53c50e9f369f7b6d23cdb82066b77f249c73c4c223f85007ca14514500145145001451450014514500145145001451450014514500145145007e9ff008ebe307c027f19dda5ce8ba66bad793bcda86ab0787e7b98e49a4399184d25f472b00c4fccaa83d063150f8ebf63ef05fc48f0baf8bfe106bb6715913b5ed6e2ea596c89e3e5f35d7ccb571de3b8e3918722be2b76dd8f615afe19f186b7e0fbdfb5687abdfe8d74c3699f4fba781c8f42508245007d15f0a3f622d67c5dabeed77c41a4db6930313326817b16a772e0724031334510e3efccea075c1c62bd27c7bf1afe12781fe21936daf6ade21b78f4087c31a8e9963630ea1a75f43013e59ba96e0a1b99149c89230a0600562324fc8de23f8cbe3bf1859359eb9e32d7b56b37fbd6d79a94b244d8e9952d835c79725893cf39a00fb7f57fd9dfe167ed05e0993c47f0c2f6df42d4adc66e84715c0b68dffe79dcdb16964b6cf559519e23b581dbc5791f80ff00647d43c4be26fecfd4fc5be19b6b68df127f62ea51eb37b201d7cab5b666727fdfd807735e1de1ff0014eade13d4a3d4345d4af349bf8fee5cd94ed0c8bf46520d773ab7ed33f1535eb192cafbc7fe219ed651b5e2fed091430f4382322803e97f17ea7f027f67b487c3f73e118753d7e3c7daad3ca8b52bcb63ff004f73cac615908c6618508420e5b9aecbe0f41f03fc75e22b0f1df83f49b8b3f10787da4ba9b49d1ad8c37862f2d9487b2f31d675209fde5b90412bb9315f9d6f31724f72724939aedfe0a78a5fc1bf17bc1bad2cc605b1d5ed6691d5f6fc8255de09f42b907d89a00e8bf642f0ad87c59f867e38f86f26bb6fa0eaadade9bacdb89ad27b89678a38aee29c451448cceebe64476f1d7ad7d0fe26f0d7c06fd9c34d4d2f5dd1ceb1e2190625b5be8c5eea4476924412adbd98279119f3242ac376de6bc77e1a9d4fc0be34fdad3c2ba6dfdce9dab5bdbcd7114d68ed14de5db6a89e600cbc8531c8d919e41af02b8b87b872d2333b9249663924d007dc7e13f067c00fda6ec2e346d06d97c27e2d298b558eddadae8e3ab0884cd05d0eb944f2e4c0380d5f397eda5e14b6f871a07c24f87373acda6b5aa6863539af63d3d250621717286305644560c553a63f3e09f298667888642c194e4329c115f4178fe1b8f1ff00ed21fb2e786355966d4aebfb17446ba9e698c92bacd72f71866ebf2c6ca067b01401f44fc5c9fe0b78035fbff1878afc3f32f887c4339d48699ae5b8bcd55964f9b02d3cc586d631c0066deedcfca3ad72be12d4bf67afda16693409b454f0d6b5326db591ada1d327924e83c99a2905bb30ff009e72c6bbb3c367afc8df15bc49278c3e25f8a35b92e5eedafb52b8b859998b6e56918af27b63007b62b97f3360c7f2e2803e97f17fec31e28f0f78b22d22d75ed12e2dee1b16f35f3cb673b0f7b7642e48ee137fb135ea0ff06be0dfecb5e1a8af3c7d32789fc5f36d922b69ad9ddd875fdd5933c7b131ff002d2e4e188f9531d7e43d3be2f78df47b04b1b0f18f882cac90155b6b7d4e648c0f40a1b15cd5d5fcf7f3cb3dc4d24f3c8773c92b96663ea49e4d007db5e00f8c1f08be286b7e36d27c4baaebf03f8dcdaa5d9f114b0416e8b6d9fb34305c5b8416eabb8e164478c951920e49e23e227ec13e21f0feb712787f5cb2d474cbb61f673a92496b3a83c8070ac9271fc5133038c8ec2be566c2b8c1e0735d168bf133c59e1ab2365a4789b59d2ed0f5b7b3d4258a3ffbe5580a00fafec7f673f851fb38786ffb67e29ea50ebdac4803db59cb0cc91b9feec16a1e39663c1ccb298e2191c31ac2b3f8ddfb3ef8a8cfa76afe0a874ab50ac20b8bad121f2f1b780cd66d1caa490393e67539f5af90b51d56eb57b996e6f6e66bcba94e649ee24323b1f724e4d56460b9c8e0d0078d5145140051451400514514005145140051451400514514005145140051451401ec67ad0bf787d683d685fbc3eb4001e8295bbfe1487a0a56eff8500369cbd47d45369cbd47d450036a54cefe3f5a8a9e58ab641c5007d4c4c57dfb7ba65bcad3be2df8495434a7037dfe9a00cf4ff9798c57cb97303db4af1c8ac8eac5595860820f20d7ae7c44d7eead3e107c0bf8aba661b57f04eb13e877720601b11cab79680fa02af32e7fd9f6aa9fb50f85edfc2ff1b7c4bf60612693aa4c359d3e451856b6ba51711e39ec24dbf553401e6da469d71abea16d636b199aeae2558a28d7ab3b1c01f8935f47db6af15cff00c1417c71e21b7f9f4ff867a2defd9d949001d3ec7ec911ebde62a703d6b84fd94b4fb63f17ec7c41a8a93a2f84ede7f12ea0f8e162b58cc8b9ff007a411afd58550f847a85ee9ffb3ffc63f883a936754f1b6ad6da0dbcd9f99bf78d7978c33d47cb0aff00c0a803cc64183cf714c6eb46e2c492727148dd68012955b69a4a2801dc75031c5369ddbf0a6d001451450078ed145140051451400514514005145140051451400514514005145140051451401ec67ad0bf787d683d685fbc3eb4001e8295bbfe1487a0a56eff008500369cbd47d45369cbd47d4500369c79714da71386cd007b1fc19d287c4ef877f137e1890af7face96358d1a327e66d42c4b4aa89fed3c2d70bfe4557d62ec7c51fd97fc01e2c4c4dabf84647f08eae49f984233358391e9b0cb1e7d6315c5fc34f1d5efc36f1ee81e28d386fbbd26f12e9118e1640a7e643eccb953ec4d7b369ba3787fe177ed15e33f87b3dfdbd87c2df8b7a425f68f7f74e23b7b56941b9b099cf6114fbe13cf4273c50071571787e17fec95e2dd5df116abf102fa1f0f69b83871676ec27bc907aab37911fe7573e34e987e1b7c3bf863f0bf6f9575a3692759d5d4f0c350bfdb33a38f548840a3d39f535d2ea3a6f873e2d7ed39e18f04da5dc3a87c22f84ba5b4da9df5bfcd05d2403cebd9c7f7bcfb8223183c8db8e2bc6be2378daf3e2278e75ef12ea1c5e6ad792ddc8a0e426f62428f651803d80a00e687434add69077a1bad00252a9c106928a00776fc29b4eedf8536800a28a2803c768a28a0028a28a0028a28a0028a28a0028a28a0028a28a0028a28a0028a28a00f633d685fbc3eb41eb42fde1f5a000f414addff000a43d052b77fc2801b4e5ea3ea29b4e5ea3ea2801b4e6eb4da737dea00542738af56f89b6c9e27fd8bb45d4bc42a2defbc39e236d3bc3772e72f7b6f3c664bbb703aed89c23eee9990a8ae77e10fc2dd4be2df8ef4ef0fe9ae902ca4cb757b28fdd59db2f32cf21ecaab93ee703a915e83716fe1dfda73e29cd0afdaf49fd9f3e15e9ecbbe360b2cb0e48c838c1b8bc9c67a74ff00768039df8656abe12fd8bb57d4f445fb4ddf8abc4834cd7eea3209b2b6b74596dadc8ea04aecef9e87ca00d7964bf7cd7d01676be17fd9c7e2043186bbd4ff00673f8b16090c934d2079ec5908cee2071716931cf4f994f7cd797fc57f863aa7c28f1b6a3e1ed50a48f01125bdd45cc5776edcc53c6dd0a3ae08fc41e41a00e347434add69050dd68012954e0834945003bb7e14da776fc29b40051451401e3b4514500145145001451450014514500145145001451450014514500145145007b19eb42fde1f5a0f5a17ef0fad0007a0a56eff008521e8295bbfe1400da72f51f514da72f51f51400dad2d2347bcd7354b5d3ec2d65bdbdbb916182da052d24aec70aaa07249240c5518903119efc57b9788bc5365fb1de822cb4f68751f8e7ab5a806642248bc2d6f2a02029e43ddba375e881bdfe6009bc75617de0ab5b7fd9e7e1bc235bf89de2a92383c59a8593ab2c23ef2e9913f40a9f7a67040257049030333e30788344f87be11d33e0ff81eee3bdd074798dc6b7ac443fe433aa636bc80ff00cf28b948c743cb73906b56f2c63fd92bc29a9f86edaec5efc64f115bedf136b08fbce8f6f2618d8c2fde67c832c80f1c2824f23c1249379f4a00f62f83be26d13c61e18d63e12f8e2e52d7c2fe219566d3f5598f1a26a60622ba1e88dc2483232a41cfcbcef785349d47c6b673fecf7f11231a3fc53f08c9243e12d42ed82adf45f78e9cf21c0dac00781c9c73b4601e7c011c2a90467bd7bc6976d6dfb56784348f075f5eae97f16fc3f088fc29ae48fb3fb5225e574f9df8daeb8fdd484f5f978e3201e25ab69177a36a775617b6b2d9dedac8d0cf6d329578a453865653c8208208aa2d5ef3a2ebf67fb5e69b2e9fa9345a47c79d1e168df76d8e1f14450a9c827809768aa73da40bf9784cb184c638a008e954e0834945003bb7e14da776fc29b40051451401e3b45145001451450014514500145145001451450014514500145145001451450014514500145145001451450014514500145145001451450014514500145145001451450014514500145145001451450014514500145145007fffd9');
INSERT INTO "slide" ("rowid","presentation_id","title","slide_uid","slide_rev_uid","order_index","layout_flag","theme_id","theme_slide_uid","modified_theme_id","modified_theme_layout_revision","layout_revision","thumbnail_desired_rev","thumbnail_rev","thumbnail") VALUES (6,3,'','3-32241E8F-E4DE-B566-0759-A52B7C875ED2',NULL,0,2083,2,'MASTER',NULL,NULL,5135136128845787200,4174883283702888449,507774687601801626,NULL);
INSERT INTO "slide" ("rowid","presentation_id","title","slide_uid","slide_rev_uid","order_index","layout_flag","theme_id","theme_slide_uid","modified_theme_id","modified_theme_layout_revision","layout_revision","thumbnail_desired_rev","thumbnail_rev","thumbnail") VALUES (7,3,'','2-E7B9587C-F415-A7F2-A4FE-9F02E789C635',NULL,1,2083,2,'MASTER',NULL,NULL,2113831562514667550,4174883283702953985,3835424112567176828,NULL);
INSERT INTO "slide" ("rowid","presentation_id","title","slide_uid","slide_rev_uid","order_index","layout_flag","theme_id","theme_slide_uid","modified_theme_id","modified_theme_layout_revision","layout_revision","thumbnail_desired_rev","thumbnail_rev","thumbnail") VALUES (8,4,'','5-E90ED1F5-3476-A81F-7163-D057BAC3EC9D',NULL,0,2083,2,'MASTER',NULL,NULL,6261137754083081332,4174883283703085057,6227145216435125863,NULL);
INSERT INTO "slide" ("rowid","presentation_id","title","slide_uid","slide_rev_uid","order_index","layout_flag","theme_id","theme_slide_uid","modified_theme_id","modified_theme_layout_revision","layout_revision","thumbnail_desired_rev","thumbnail_rev","thumbnail") VALUES (9,4,'','6-5B3BB077-04B9-B1BF-6E93-0A74DF98A5B3',NULL,1,2083,2,'MASTER',NULL,NULL,8605007714376183056,4174883283703150593,7331384106102045026,NULL);
INSERT INTO "slide" ("rowid","presentation_id","title","slide_uid","slide_rev_uid","order_index","layout_flag","theme_id","theme_slide_uid","modified_theme_id","modified_theme_layout_revision","layout_revision","thumbnail_desired_rev","thumbnail_rev","thumbnail") VALUES (10,4,'','9-0D842A74-1435-A8CE-2124-E5EED8FE52B6',NULL,2,2083,2,'MASTER',NULL,NULL,3424564223450226860,4174883283703216129,2507113800175083705,NULL);
INSERT INTO "slide" ("rowid","presentation_id","title","slide_uid","slide_rev_uid","order_index","layout_flag","theme_id","theme_slide_uid","modified_theme_id","modified_theme_layout_revision","layout_revision","thumbnail_desired_rev","thumbnail_rev","thumbnail") VALUES (11,4,'','D-C9CF67F7-94F1-8B7D-48EA-146E3199F7AB',NULL,3,2083,2,'MASTER',NULL,NULL,7001113184411713525,4174883283703281665,6384071008052823647,NULL);
INSERT INTO "slide" ("rowid","presentation_id","title","slide_uid","slide_rev_uid","order_index","layout_flag","theme_id","theme_slide_uid","modified_theme_id","modified_theme_layout_revision","layout_revision","thumbnail_desired_rev","thumbnail_rev","thumbnail") VALUES (12,4,'','C-7A6090E7-F414-9EE8-BF2F-C7D5E578EF42',NULL,4,2083,2,'MASTER',NULL,NULL,4323682028051585005,4174883283703347201,1138054882305813167,NULL);
INSERT INTO "slide" ("rowid","presentation_id","title","slide_uid","slide_rev_uid","order_index","layout_flag","theme_id","theme_slide_uid","modified_theme_id","modified_theme_layout_revision","layout_revision","thumbnail_desired_rev","thumbnail_rev","thumbnail") VALUES (13,5,'','E-F39343CA-641A-B924-8776-373D5A45729B',NULL,0,2083,2,'MASTER',NULL,NULL,7744275778182413632,4174883283703478273,1232148372757110111,NULL);
INSERT INTO "slide" ("rowid","presentation_id","title","slide_uid","slide_rev_uid","order_index","layout_flag","theme_id","theme_slide_uid","modified_theme_id","modified_theme_layout_revision","layout_revision","thumbnail_desired_rev","thumbnail_rev","thumbnail") VALUES (14,5,'','9-92391FB9-E43B-84F5-F9B7-6108D23C6868',NULL,1,2083,2,'MASTER',NULL,NULL,5420161761578612254,4174883283703543809,7250464172554258843,NULL);
INSERT INTO "slide" ("rowid","presentation_id","title","slide_uid","slide_rev_uid","order_index","layout_flag","theme_id","theme_slide_uid","modified_theme_id","modified_theme_layout_revision","layout_revision","thumbnail_desired_rev","thumbnail_rev","thumbnail") VALUES (15,5,'','2-2149FFA0-0462-94E9-0918-1BB47BC9D33F',NULL,2,2083,2,'MASTER',NULL,NULL,8184845011244110638,4174883283703609345,3478853005056873841,NULL);
INSERT INTO "slide" ("rowid","presentation_id","title","slide_uid","slide_rev_uid","order_index","layout_flag","theme_id","theme_slide_uid","modified_theme_id","modified_theme_layout_revision","layout_revision","thumbnail_desired_rev","thumbnail_rev","thumbnail") VALUES (16,5,'','E-0D076653-E4D6-A64F-E231-46EABE611CE5',NULL,3,2083,2,'MASTER',NULL,NULL,7681723768825782227,4174883283703674881,4781504102122502616,NULL);
INSERT INTO "slide" ("rowid","presentation_id","title","slide_uid","slide_rev_uid","order_index","layout_flag","theme_id","theme_slide_uid","modified_theme_id","modified_theme_layout_revision","layout_revision","thumbnail_desired_rev","thumbnail_rev","thumbnail") VALUES (17,6,'Master','MASTER',NULL,0,19,NULL,'',NULL,NULL,4174883283514228736,4174883283545143297,4174883283514294272,NULL);
INSERT INTO "slide" ("rowid","presentation_id","title","slide_uid","slide_rev_uid","order_index","layout_flag","theme_id","theme_slide_uid","modified_theme_id","modified_theme_layout_revision","layout_revision","thumbnail_desired_rev","thumbnail_rev","thumbnail") VALUES (18,6,'Song','SONG',NULL,1,2083,NULL,'MASTER',NULL,NULL,4174883283514359808,4174883283545339905,4174883283514425344,NULL);
INSERT INTO "slide" ("rowid","presentation_id","title","slide_uid","slide_rev_uid","order_index","layout_flag","theme_id","theme_slide_uid","modified_theme_id","modified_theme_layout_revision","layout_revision","thumbnail_desired_rev","thumbnail_rev","thumbnail") VALUES (19,6,'Scripture','SCRIPTURE',NULL,2,67,NULL,'MASTER',NULL,NULL,4174883283514490880,4174883283545536513,4174883283514556416,NULL);
INSERT INTO "slide" ("rowid","presentation_id","title","slide_uid","slide_rev_uid","order_index","layout_flag","theme_id","theme_slide_uid","modified_theme_id","modified_theme_layout_revision","layout_revision","thumbnail_desired_rev","thumbnail_rev","thumbnail") VALUES (20,6,'Presentation','PRESENTATION',NULL,3,143,NULL,'MASTER',NULL,NULL,4174883283514621952,4174883283545733121,4174883283514687488,NULL);
INSERT INTO "resource_text" ("rowid","resource_id","rtf") VALUES (11,12,'{\rtf1\ansi\deff0\sdeasyworship2

{\fonttbl{\f0 Tahoma;}}

{\colortbl ;}

{\pard\sdparawysiwghidden\sdlistlevel-1\qc\qdef\sdewparatemplatestyle102\plain\sdewtemplatestyle102\fs64{\*\sdfsreal 32.4}{\*\sdfsdef 32.4}\sdfsauto Label 1\par}

{\pard\sdlistlevel0\qc\qdef\sdewparatemplatestyle101{\*\sdasfactor 1}{\*\sdasbaseline 32.4}\sdastextstyle101\plain\sdewtemplatestyle101\fs64{\*\sdfsreal 32.4}{\*\sdfsdef 32.4}\sdfsauto Song 1\par}

}');
INSERT INTO "resource_text" ("rowid","resource_id","rtf") VALUES (12,13,'{\rtf1\ansi\deff0\sdeasyworship2

{\fonttbl{\f0 Tahoma;}}

{\colortbl ;}

{\pard\sdlistlevel0\ql\qdef\plain\fs28{\*\sdfsreal 14.4}{\*\sdfsdef 14.4}\sdfsauto\par}

}');
INSERT INTO "resource_text" ("rowid","resource_id","rtf") VALUES (13,14,'{\rtf1\ansi\deff0\sdeasyworship2

{\fonttbl{\f0 Tahoma;}}

{\colortbl ;}

{\pard\sdlistlevel0\qc\qdef\plain\fs40{\*\sdfsreal 20}{\*\sdfsdef 20}\sdfsauto\par}

}');
INSERT INTO "resource_text" ("rowid","resource_id","rtf") VALUES (14,15,'{\rtf1\ansi\deff0\sdeasyworship2

{\fonttbl{\f0 Tahoma;}}

{\colortbl ;}

{\pard\sdparawysiwghidden\sdlistlevel-1\qc\qdef\sdewparatemplatestyle102\plain\sdewtemplatestyle102\fs64{\*\sdfsreal 32.4}{\*\sdfsdef 32.4}\sdfsauto Label 2\par}

{\pard\sdlistlevel0\qc\qdef\sdewparatemplatestyle101{\*\sdasfactor 1}{\*\sdasbaseline 32.4}\sdastextstyle101\plain\sdewtemplatestyle101\fs64{\*\sdfsreal 32.4}{\*\sdfsdef 32.4}\sdfsauto Song 2\par}

}');
INSERT INTO "resource_text" ("rowid","resource_id","rtf") VALUES (15,16,'{\rtf1\ansi\deff0\sdeasyworship2

{\fonttbl{\f0 Tahoma;}}

{\colortbl ;}

{\pard\sdlistlevel0\ql\qdef\plain\fs28{\*\sdfsreal 14.4}{\*\sdfsdef 14.4}\sdfsauto\par}

}');
INSERT INTO "resource_text" ("rowid","resource_id","rtf") VALUES (16,17,'{\rtf1\ansi\deff0\sdeasyworship2

{\fonttbl{\f0 Tahoma;}}

{\colortbl ;}

{\pard\sdlistlevel0\qc\qdef\plain\fs40{\*\sdfsreal 20}{\*\sdfsdef 20}\sdfsauto\par}

}');
INSERT INTO "resource_text" ("rowid","resource_id","rtf") VALUES (17,18,'{\rtf1\ansi\deff0\sdeasyworship2

{\fonttbl{\f0 Tahoma;}}

{\colortbl ;}

{\pard\sdparawysiwghidden\sdlistlevel-1\qc\qdef\sdewparatemplatestyle102\plain\sdewtemplatestyle102\fs64{\*\sdfsreal 32.4}{\*\sdfsdef 32.4}\sdfsauto Label 1\par}

{\pard\sdlistlevel0\qc\qdef\sdewparatemplatestyle101{\*\sdasfactor 1}{\*\sdasbaseline 32.4}\sdastextstyle101\plain\sdewtemplatestyle101\fs64{\*\sdfsreal 32.4}{\*\sdfsdef 32.4}\sdfsauto Song 1\par}

}');
INSERT INTO "resource_text" ("rowid","resource_id","rtf") VALUES (18,19,'{\rtf1\ansi\deff0\sdeasyworship2

{\fonttbl{\f0 Tahoma;}}

{\colortbl ;}

{\pard\sdlistlevel0\ql\qdef\plain\fs28{\*\sdfsreal 14.4}{\*\sdfsdef 14.4}\sdfsauto\par}

}');
INSERT INTO "resource_text" ("rowid","resource_id","rtf") VALUES (19,20,'{\rtf1\ansi\deff0\sdeasyworship2

{\fonttbl{\f0 Tahoma;}}

{\colortbl ;}

{\pard\sdlistlevel0\qc\qdef\plain\fs40{\*\sdfsreal 20}{\*\sdfsdef 20}\sdfsauto\par}

}');
INSERT INTO "resource_text" ("rowid","resource_id","rtf") VALUES (20,21,'{\rtf1\ansi\deff0\sdeasyworship2

{\fonttbl{\f0 Tahoma;}}

{\colortbl ;}

{\pard\sdparawysiwghidden\sdlistlevel-1\qc\qdef\sdewparatemplatestyle102\plain\sdewtemplatestyle102\fs64{\*\sdfsreal 32.4}{\*\sdfsdef 32.4}\sdfsauto Label 2\par}

{\pard\sdlistlevel0\qc\qdef\sdewparatemplatestyle101{\*\sdasfactor 1}{\*\sdasbaseline 32.4}\sdastextstyle101\plain\sdewtemplatestyle101\fs64{\*\sdfsreal 32.4}{\*\sdfsdef 32.4}\sdfsauto Song 2\par}

}');
INSERT INTO "resource_text" ("rowid","resource_id","rtf") VALUES (21,22,'{\rtf1\ansi\deff0\sdeasyworship2

{\fonttbl{\f0 Tahoma;}}

{\colortbl ;}

{\pard\sdlistlevel0\ql\qdef\plain\fs28{\*\sdfsreal 14.4}{\*\sdfsdef 14.4}\sdfsauto\par}

}');
INSERT INTO "resource_text" ("rowid","resource_id","rtf") VALUES (22,23,'{\rtf1\ansi\deff0\sdeasyworship2

{\fonttbl{\f0 Tahoma;}}

{\colortbl ;}

{\pard\sdlistlevel0\qc\qdef\plain\fs40{\*\sdfsreal 20}{\*\sdfsdef 20}\sdfsauto\par}

}');
INSERT INTO "resource_text" ("rowid","resource_id","rtf") VALUES (23,24,'{\rtf1\ansi\deff0\sdeasyworship2

{\fonttbl{\f0 Tahoma;}}

{\colortbl ;}

{\pard\sdparawysiwghidden\sdlistlevel-1\qc\qdef\sdewparatemplatestyle102\plain\sdewtemplatestyle102\fs64{\*\sdfsreal 32.4}{\*\sdfsdef 32.4}\sdfsauto Label 3\par}

{\pard\sdlistlevel0\qc\qdef\sdewparatemplatestyle101{\*\sdasfactor 1}{\*\sdasbaseline 32.4}\sdastextstyle101\plain\sdewtemplatestyle101\fs64{\*\sdfsreal 32.4}{\*\sdfsdef 32.4}\sdfsauto Song 3\par}

}');
INSERT INTO "resource_text" ("rowid","resource_id","rtf") VALUES (24,25,'{\rtf1\ansi\deff0\sdeasyworship2

{\fonttbl{\f0 Tahoma;}}

{\colortbl ;}

{\pard\sdlistlevel0\ql\qdef\plain\fs28{\*\sdfsreal 14.4}{\*\sdfsdef 14.4}\sdfsauto\par}

}');
INSERT INTO "resource_text" ("rowid","resource_id","rtf") VALUES (25,26,'{\rtf1\ansi\deff0\sdeasyworship2

{\fonttbl{\f0 Tahoma;}}

{\colortbl ;}

{\pard\sdlistlevel0\qc\qdef\plain\fs40{\*\sdfsreal 20}{\*\sdfsdef 20}\sdfsauto\par}

}');
INSERT INTO "resource_text" ("rowid","resource_id","rtf") VALUES (26,27,'{\rtf1\ansi\deff0\sdeasyworship2

{\fonttbl{\f0 Tahoma;}}

{\colortbl ;}

{\pard\sdparawysiwghidden\sdlistlevel-1\qc\qdef\sdewparatemplatestyle102\plain\sdewtemplatestyle102\fs64{\*\sdfsreal 32.4}{\*\sdfsdef 32.4}\sdfsauto Label 4\par}

{\pard\sdlistlevel0\qc\qdef\sdewparatemplatestyle101{\*\sdasfactor 1}{\*\sdasbaseline 32.4}\sdastextstyle101\plain\sdewtemplatestyle101\fs64{\*\sdfsreal 32.4}{\*\sdfsdef 32.4}\sdfsauto Song 4\par}

}');
INSERT INTO "resource_text" ("rowid","resource_id","rtf") VALUES (27,28,'{\rtf1\ansi\deff0\sdeasyworship2

{\fonttbl{\f0 Tahoma;}}

{\colortbl ;}

{\pard\sdlistlevel0\ql\qdef\plain\fs28{\*\sdfsreal 14.4}{\*\sdfsdef 14.4}\sdfsauto\par}

}');
INSERT INTO "resource_text" ("rowid","resource_id","rtf") VALUES (28,29,'{\rtf1\ansi\deff0\sdeasyworship2

{\fonttbl{\f0 Tahoma;}}

{\colortbl ;}

{\pard\sdlistlevel0\qc\qdef\plain\fs40{\*\sdfsreal 20}{\*\sdfsdef 20}\sdfsauto\par}

}');
INSERT INTO "resource_text" ("rowid","resource_id","rtf") VALUES (29,30,'{\rtf1\ansi\deff0\sdeasyworship2

{\fonttbl{\f0 Tahoma;}}

{\colortbl ;}

{\pard\sdparawysiwghidden\sdlistlevel-1\qc\qdef\sdewparatemplatestyle102\plain\sdewtemplatestyle102\fs64{\*\sdfsreal 32.4}{\*\sdfsdef 32.4}\sdfsauto Label 5\par}

{\pard\sdlistlevel0\qc\qdef\sdewparatemplatestyle101{\*\sdasfactor 1}{\*\sdasbaseline 32.4}\sdastextstyle101\plain\sdewtemplatestyle101\fs64{\*\sdfsreal 32.4}{\*\sdfsdef 32.4}\sdfsauto Song 5\par}

}');
INSERT INTO "resource_text" ("rowid","resource_id","rtf") VALUES (30,31,'{\rtf1\ansi\deff0\sdeasyworship2

{\fonttbl{\f0 Tahoma;}}

{\colortbl ;}

{\pard\sdlistlevel0\ql\qdef\plain\fs28{\*\sdfsreal 14.4}{\*\sdfsdef 14.4}\sdfsauto\par}

}');
INSERT INTO "resource_text" ("rowid","resource_id","rtf") VALUES (31,32,'{\rtf1\ansi\deff0\sdeasyworship2

{\fonttbl{\f0 Tahoma;}}

{\colortbl ;}

{\pard\sdlistlevel0\qc\qdef\plain\fs40{\*\sdfsreal 20}{\*\sdfsdef 20}\sdfsauto\par}

}');
INSERT INTO "resource_text" ("rowid","resource_id","rtf") VALUES (32,33,'{\rtf1\ansi\deff0\sdeasyworship2

{\fonttbl{\f0 Tahoma;}}

{\colortbl ;}

{\pard\sdparawysiwghidden\sdlistlevel-1\qc\qdef\sdewparatemplatestyle102\plain\sdewtemplatestyle102\fs64{\*\sdfsreal 32.4}{\*\sdfsdef 32.4}\sdfsauto Label 1\par}

{\pard\sdlistlevel0\qc\qdef\sdewparatemplatestyle101{\*\sdasfactor 1}{\*\sdasbaseline 32.4}\sdastextstyle101\plain\sdewtemplatestyle101\fs64{\*\sdfsreal 32.4}{\*\sdfsdef 32.4}\sdfsauto Song 1\par}

}');
INSERT INTO "resource_text" ("rowid","resource_id","rtf") VALUES (33,34,'{\rtf1\ansi\deff0\sdeasyworship2

{\fonttbl{\f0 Tahoma;}}

{\colortbl ;}

{\pard\sdlistlevel0\ql\qdef\plain\fs28{\*\sdfsreal 14.4}{\*\sdfsdef 14.4}\sdfsauto\par}

}');
INSERT INTO "resource_text" ("rowid","resource_id","rtf") VALUES (34,35,'{\rtf1\ansi\deff0\sdeasyworship2

{\fonttbl{\f0 Tahoma;}}

{\colortbl ;}

{\pard\sdlistlevel0\qc\qdef\plain\fs40{\*\sdfsreal 20}{\*\sdfsdef 20}\sdfsauto\par}

}');
INSERT INTO "resource_text" ("rowid","resource_id","rtf") VALUES (35,36,'{\rtf1\ansi\deff0\sdeasyworship2

{\fonttbl{\f0 Tahoma;}}

{\colortbl ;}

{\pard\sdparawysiwghidden\sdlistlevel-1\qc\qdef\sdewparatemplatestyle102\plain\sdewtemplatestyle102\fs64{\*\sdfsreal 32.4}{\*\sdfsdef 32.4}\sdfsauto Label 2\par}

{\pard\sdlistlevel0\qc\qdef\sdewparatemplatestyle101{\*\sdasfactor 1}{\*\sdasbaseline 32.4}\sdastextstyle101\plain\sdewtemplatestyle101\fs64{\*\sdfsreal 32.4}{\*\sdfsdef 32.4}\sdfsauto Song 2\par}

}');
INSERT INTO "resource_text" ("rowid","resource_id","rtf") VALUES (36,37,'{\rtf1\ansi\deff0\sdeasyworship2

{\fonttbl{\f0 Tahoma;}}

{\colortbl ;}

{\pard\sdlistlevel0\ql\qdef\plain\fs28{\*\sdfsreal 14.4}{\*\sdfsdef 14.4}\sdfsauto\par}

}');
INSERT INTO "resource_text" ("rowid","resource_id","rtf") VALUES (37,38,'{\rtf1\ansi\deff0\sdeasyworship2

{\fonttbl{\f0 Tahoma;}}

{\colortbl ;}

{\pard\sdlistlevel0\qc\qdef\plain\fs40{\*\sdfsreal 20}{\*\sdfsdef 20}\sdfsauto\par}

}');
INSERT INTO "resource_text" ("rowid","resource_id","rtf") VALUES (38,39,'{\rtf1\ansi\deff0\sdeasyworship2

{\fonttbl{\f0 Tahoma;}}

{\colortbl ;}

{\pard\sdparawysiwghidden\sdlistlevel-1\qc\qdef\sdewparatemplatestyle102\plain\sdewtemplatestyle102\fs64{\*\sdfsreal 32.4}{\*\sdfsdef 32.4}\sdfsauto Label 3\par}

{\pard\sdlistlevel0\qc\qdef\sdewparatemplatestyle101{\*\sdasfactor 1}{\*\sdasbaseline 32.4}\sdastextstyle101\plain\sdewtemplatestyle101\fs64{\*\sdfsreal 32.4}{\*\sdfsdef 32.4}\sdfsauto Song 3\par}

}');
INSERT INTO "resource_text" ("rowid","resource_id","rtf") VALUES (39,40,'{\rtf1\ansi\deff0\sdeasyworship2

{\fonttbl{\f0 Tahoma;}}

{\colortbl ;}

{\pard\sdlistlevel0\ql\qdef\plain\fs28{\*\sdfsreal 14.4}{\*\sdfsdef 14.4}\sdfsauto\par}

}');
INSERT INTO "resource_text" ("rowid","resource_id","rtf") VALUES (40,41,'{\rtf1\ansi\deff0\sdeasyworship2

{\fonttbl{\f0 Tahoma;}}

{\colortbl ;}

{\pard\sdlistlevel0\qc\qdef\plain\fs40{\*\sdfsreal 20}{\*\sdfsdef 20}\sdfsauto\par}

}');
INSERT INTO "resource_text" ("rowid","resource_id","rtf") VALUES (41,42,'{\rtf1\ansi\deff0\sdeasyworship2

{\fonttbl{\f0 Tahoma;}}

{\colortbl ;}

{\pard\sdparawysiwghidden\sdlistlevel-1\qc\qdef\sdewparatemplatestyle102\plain\sdewtemplatestyle102\fs64{\*\sdfsreal 32.4}{\*\sdfsdef 32.4}\sdfsauto Label 4\par}

{\pard\sdlistlevel0\qc\qdef\sdewparatemplatestyle101{\*\sdasfactor 1}{\*\sdasbaseline 32.4}\sdastextstyle101\plain\sdewtemplatestyle101\fs64{\*\sdfsreal 32.4}{\*\sdfsdef 32.4}\sdfsauto Song 4\par}

}');
INSERT INTO "resource_text" ("rowid","resource_id","rtf") VALUES (42,43,'{\rtf1\ansi\deff0\sdeasyworship2

{\fonttbl{\f0 Tahoma;}}

{\colortbl ;}

{\pard\sdlistlevel0\ql\qdef\plain\fs28{\*\sdfsreal 14.4}{\*\sdfsdef 14.4}\sdfsauto\par}

}');
INSERT INTO "resource_text" ("rowid","resource_id","rtf") VALUES (43,44,'{\rtf1\ansi\deff0\sdeasyworship2

{\fonttbl{\f0 Tahoma;}}

{\colortbl ;}

{\pard\sdlistlevel0\qc\qdef\plain\fs40{\*\sdfsreal 20}{\*\sdfsdef 20}\sdfsauto\par}

}');
INSERT INTO "resource_text" ("rowid","resource_id","rtf") VALUES (44,45,'{\rtf1\ansi\deff0\sdeasyworship2
{\fonttbl{\f0 Tahoma;}}
{\colortbl ;}
{\pard\sdparawysiwghidden\sdlistlevel-1\qc\qdef\sdewparatemplatestyle102\plain\sdewtemplatestyle102\fs52{\*\sdfsreal 25.92}{\*\sdfsdef 25.92}\sdfsauto Label 1\par}
{\pard\sdlistlevel0\qc\qdef\sdewparatemplatestyle101{\*\sdasfactor 1}{\*\sdasbaseline 32.4}\sdastextstyle101\plain\sdewtemplatestyle101\fs52{\*\sdfsreal 25.92}{\*\sdfsdef 25.92}\sdfsauto Song 1\par}
}');
INSERT INTO "resource_text" ("rowid","resource_id","rtf") VALUES (45,46,'{\rtf1\ansi\deff0\sdeasyworship2
{\fonttbl{\f0 Tahoma;}}
{\colortbl ;}
{\pard\sdlistlevel0\ql\qdef\sdewparatemplatestyle103{\*\sdasfactor 1}{\*\sdasbaseline 11.52}\sdastextstyle103\plain\sdewtemplatestyle103\fs24{\*\sdfsreal 11.52}{\*\sdfsdef 11.52}\sdfsauto\par}
}');
INSERT INTO "resource_text" ("rowid","resource_id","rtf") VALUES (46,47,'{\rtf1\ansi\deff0\sdeasyworship2
{\fonttbl{\f0 Tahoma;}}
{\colortbl ;}
{\pard\sdlistlevel0\qr\qdef\sdewparatemplatestyle201{\*\sdasfactor 1}{\*\sdasbaseline 25.92}\sdastextstyle201\plain\sdewtemplatestyle201\fs52{\*\sdfsreal 25.92}{\*\sdfsdef 25.92}\sdfsauto\par}
}');
INSERT INTO "resource_text" ("rowid","resource_id","rtf") VALUES (47,48,'{\rtf1\ansi\deff0\sdeasyworship2
{\fonttbl{\f0 Tahoma;}}
{\colortbl ;}
{\pard\sdparawysiwghidden\sdlistlevel-1\qc\qdef\sdewparatemplatestyle102\plain\sdewtemplatestyle102\fs52{\*\sdfsreal 25.92}{\*\sdfsdef 25.92}\sdfsauto Label 2\par}
{\pard\sdlistlevel0\qc\qdef\sdewparatemplatestyle101{\*\sdasfactor 1}{\*\sdasbaseline 32.4}\sdastextstyle101\plain\sdewtemplatestyle101\fs52{\*\sdfsreal 25.92}{\*\sdfsdef 25.92}\sdfsauto Song 2\par}
}');
INSERT INTO "resource_text" ("rowid","resource_id","rtf") VALUES (48,49,'{\rtf1\ansi\deff0\sdeasyworship2
{\fonttbl{\f0 Tahoma;}}
{\colortbl ;}
{\pard\sdlistlevel0\ql\qdef\sdewparatemplatestyle103{\*\sdasfactor 1}{\*\sdasbaseline 11.52}\sdastextstyle103\plain\sdewtemplatestyle103\fs24{\*\sdfsreal 11.52}{\*\sdfsdef 11.52}\sdfsauto\par}
}');
INSERT INTO "resource_text" ("rowid","resource_id","rtf") VALUES (49,50,'{\rtf1\ansi\deff0\sdeasyworship2
{\fonttbl{\f0 Tahoma;}}
{\colortbl ;}
{\pard\sdlistlevel0\qr\qdef\sdewparatemplatestyle201{\*\sdasfactor 1}{\*\sdasbaseline 25.92}\sdastextstyle201\plain\sdewtemplatestyle201\fs52{\*\sdfsreal 25.92}{\*\sdfsdef 25.92}\sdfsauto\par}
}');
INSERT INTO "resource_text" ("rowid","resource_id","rtf") VALUES (50,51,'{\rtf1\ansi\deff0\sdeasyworship2
{\fonttbl{\f0 Tahoma;}}
{\colortbl ;}
{\pard\sdparawysiwghidden\sdlistlevel-1\qc\qdef\sdewparatemplatestyle102\plain\sdewtemplatestyle102\fs52{\*\sdfsreal 25.92}{\*\sdfsdef 25.92}\sdfsauto Label 3\par}
{\pard\sdlistlevel0\qc\qdef\sdewparatemplatestyle101{\*\sdasfactor 1}{\*\sdasbaseline 32.4}\sdastextstyle101\plain\sdewtemplatestyle101\fs52{\*\sdfsreal 25.92}{\*\sdfsdef 25.92}\sdfsauto Song 3\par}
}');
INSERT INTO "resource_text" ("rowid","resource_id","rtf") VALUES (51,52,'{\rtf1\ansi\deff0\sdeasyworship2
{\fonttbl{\f0 Tahoma;}}
{\colortbl ;}
{\pard\sdlistlevel0\ql\qdef\sdewparatemplatestyle103{\*\sdasfactor 1}{\*\sdasbaseline 11.52}\sdastextstyle103\plain\sdewtemplatestyle103\fs24{\*\sdfsreal 11.52}{\*\sdfsdef 11.52}\sdfsauto\par}
}');
INSERT INTO "resource_text" ("rowid","resource_id","rtf") VALUES (52,53,'{\rtf1\ansi\deff0\sdeasyworship2
{\fonttbl{\f0 Tahoma;}}
{\colortbl ;}
{\pard\sdlistlevel0\qr\qdef\sdewparatemplatestyle201{\*\sdasfactor 1}{\*\sdasbaseline 25.92}\sdastextstyle201\plain\sdewtemplatestyle201\fs52{\*\sdfsreal 25.92}{\*\sdfsdef 25.92}\sdfsauto\par}
}');
INSERT INTO "resource_text" ("rowid","resource_id","rtf") VALUES (53,54,'{\rtf1\ansi\deff0\sdeasyworship2
{\fonttbl{\f0 Tahoma;}}
{\colortbl ;}
{\pard\sdparawysiwghidden\sdlistlevel-1\qc\qdef\sdewparatemplatestyle102\plain\sdewtemplatestyle102\fs52{\*\sdfsreal 25.92}{\*\sdfsdef 25.92}\sdfsauto Label 41\par}
{\pard\sdlistlevel0\qc\qdef\sdewparatemplatestyle101{\*\sdasfactor 1}{\*\sdasbaseline 25.92}\sdastextstyle101\plain\sdewtemplatestyle101\fs52{\*\sdfsreal 25.92}{\*\sdfsdef 25.92}\sdfsauto Song 1\par}
}');
INSERT INTO "resource_text" ("rowid","resource_id","rtf") VALUES (54,55,'{\rtf1\ansi\deff0\sdeasyworship2
{\fonttbl{\f0 Tahoma;}}
{\colortbl ;}
{\pard\sdlistlevel0\ql\qdef\sdewparatemplatestyle103{\*\sdasfactor 1}{\*\sdasbaseline 11.52}\sdastextstyle103\plain\sdewtemplatestyle103\fs24{\*\sdfsreal 11.52}{\*\sdfsdef 11.52}\sdfsauto\par}
}');
INSERT INTO "resource_text" ("rowid","resource_id","rtf") VALUES (55,56,'{\rtf1\ansi\deff0\sdeasyworship2
{\fonttbl{\f0 Tahoma;}}
{\colortbl ;}
{\pard\sdlistlevel0\qr\qdef\sdewparatemplatestyle201{\*\sdasfactor 1}{\*\sdasbaseline 25.92}\sdastextstyle201\plain\sdewtemplatestyle201\fs52{\*\sdfsreal 25.92}{\*\sdfsdef 25.92}\sdfsauto\par}
}');
INSERT INTO "resource_text" ("rowid","resource_id","rtf") VALUES (56,57,'{\rtf1\ansi\deff0\sdeasyworship2
{\fonttbl{\f0 Tahoma;}}
{\colortbl ;}
{\pard\qc\qdef{\*\sdasfactor 1}{\*\sdasbaseline 20}\sdastextstyle0\plain\fs40{\*\sdfsreal 20}{\*\sdfsdef 20}\sdfsauto\par}
}');
INSERT INTO "resource_image" ("rowid","resource_id","file_id","original_filename","filesize","modified_date","width","height") VALUES (2,58,2,'<images>CGKV Logo.jpg',37591,131636962703339984,400,400);
INSERT INTO "resource" ("rowid","resource_hash","resource_uid","resource_type","title","author","copyright","description","tags") VALUES (12,NULL,'1-F9B99AAA-04B3-857E-23CE-669DCCB931FB',6,'','','','','');
INSERT INTO "resource" ("rowid","resource_hash","resource_uid","resource_type","title","author","copyright","description","tags") VALUES (13,NULL,'B-268E494B-D40E-A7FE-B212-858D6BAD5338',6,'','','','','');
INSERT INTO "resource" ("rowid","resource_hash","resource_uid","resource_type","title","author","copyright","description","tags") VALUES (14,NULL,'6-4AB428DF-B4EB-A825-25C0-22660419A65A',6,'','','','','');
INSERT INTO "resource" ("rowid","resource_hash","resource_uid","resource_type","title","author","copyright","description","tags") VALUES (15,NULL,'D-7AE96F7A-F498-9E61-85AB-28328B11A644',6,'','','','','');
INSERT INTO "resource" ("rowid","resource_hash","resource_uid","resource_type","title","author","copyright","description","tags") VALUES (16,NULL,'B-5E2E8B91-C40B-95C2-6CAC-823B3AFD3317',6,'','','','','');
INSERT INTO "resource" ("rowid","resource_hash","resource_uid","resource_type","title","author","copyright","description","tags") VALUES (17,NULL,'2-34B38958-7450-B1C6-9363-D319BC892FE3',6,'','','','','');
INSERT INTO "resource" ("rowid","resource_hash","resource_uid","resource_type","title","author","copyright","description","tags") VALUES (18,NULL,'D-D04E93AD-E445-A882-8A51-4AB96E24E1F1',6,'','','','','');
INSERT INTO "resource" ("rowid","resource_hash","resource_uid","resource_type","title","author","copyright","description","tags") VALUES (19,NULL,'8-FD3E650B-246B-95BF-E964-C22718DA7CD6',6,'','','','','');
INSERT INTO "resource" ("rowid","resource_hash","resource_uid","resource_type","title","author","copyright","description","tags") VALUES (20,NULL,'B-7154C459-D445-A9AE-995D-16B841D741D5',6,'','','','','');
INSERT INTO "resource" ("rowid","resource_hash","resource_uid","resource_type","title","author","copyright","description","tags") VALUES (21,NULL,'E-A58D2182-C44C-BBD4-B554-A8D9D7E6A6F0',6,'','','','','');
INSERT INTO "resource" ("rowid","resource_hash","resource_uid","resource_type","title","author","copyright","description","tags") VALUES (22,NULL,'C-BC41FA62-D435-AEAA-228E-3DBF2ADF9B64',6,'','','','','');
INSERT INTO "resource" ("rowid","resource_hash","resource_uid","resource_type","title","author","copyright","description","tags") VALUES (23,NULL,'4-4BB4E482-5449-A761-9FD6-076318519FD9',6,'','','','','');
INSERT INTO "resource" ("rowid","resource_hash","resource_uid","resource_type","title","author","copyright","description","tags") VALUES (24,NULL,'5-C131E6D4-34CB-8DDF-A93E-45DDA1920022',6,'','','','','');
INSERT INTO "resource" ("rowid","resource_hash","resource_uid","resource_type","title","author","copyright","description","tags") VALUES (25,NULL,'4-B0A8A53A-14B1-AE8B-AB4F-107F2333136C',6,'','','','','');
INSERT INTO "resource" ("rowid","resource_hash","resource_uid","resource_type","title","author","copyright","description","tags") VALUES (26,NULL,'0-33D598A3-1408-A68E-EA27-3A7043275D1A',6,'','','','','');
INSERT INTO "resource" ("rowid","resource_hash","resource_uid","resource_type","title","author","copyright","description","tags") VALUES (27,NULL,'A-AA0FB127-8493-9717-7248-DF7CAE03E8D5',6,'','','','','');
INSERT INTO "resource" ("rowid","resource_hash","resource_uid","resource_type","title","author","copyright","description","tags") VALUES (28,NULL,'3-B63B5448-44F0-8AFD-BF1F-1FB2A3C3AB82',6,'','','','','');
INSERT INTO "resource" ("rowid","resource_hash","resource_uid","resource_type","title","author","copyright","description","tags") VALUES (29,NULL,'3-21F40151-B4C5-909C-FDBE-664422FC5FFC',6,'','','','','');
INSERT INTO "resource" ("rowid","resource_hash","resource_uid","resource_type","title","author","copyright","description","tags") VALUES (30,NULL,'B-8638E219-34B7-935A-7EC5-246066EE8662',6,'','','','','');
INSERT INTO "resource" ("rowid","resource_hash","resource_uid","resource_type","title","author","copyright","description","tags") VALUES (31,NULL,'0-743820DD-24FA-B04C-5E27-63B0A5351095',6,'','','','','');
INSERT INTO "resource" ("rowid","resource_hash","resource_uid","resource_type","title","author","copyright","description","tags") VALUES (32,NULL,'4-FB4CD0C2-A484-A51F-1779-DF6B6EC14209',6,'','','','','');
INSERT INTO "resource" ("rowid","resource_hash","resource_uid","resource_type","title","author","copyright","description","tags") VALUES (33,NULL,'B-6169309B-A46B-97E8-FF02-E50192386C06',6,'','','','','');
INSERT INTO "resource" ("rowid","resource_hash","resource_uid","resource_type","title","author","copyright","description","tags") VALUES (34,NULL,'2-C9F63856-54A2-84DB-EDD9-FB292165AE2E',6,'','','','','');
INSERT INTO "resource" ("rowid","resource_hash","resource_uid","resource_type","title","author","copyright","description","tags") VALUES (35,NULL,'7-2CF2277B-0482-851A-300D-DCD6CF31C670',6,'','','','','');
INSERT INTO "resource" ("rowid","resource_hash","resource_uid","resource_type","title","author","copyright","description","tags") VALUES (36,NULL,'B-5F98D594-B479-9098-3EE7-E4C0CFE743EB',6,'','','','','');
INSERT INTO "resource" ("rowid","resource_hash","resource_uid","resource_type","title","author","copyright","description","tags") VALUES (37,NULL,'A-F8B2A3AA-E4B2-9E82-A103-3EB851B606AD',6,'','','','','');
INSERT INTO "resource" ("rowid","resource_hash","resource_uid","resource_type","title","author","copyright","description","tags") VALUES (38,NULL,'8-9C342A5C-A49D-B2E7-27EA-337BD5A25002',6,'','','','','');
INSERT INTO "resource" ("rowid","resource_hash","resource_uid","resource_type","title","author","copyright","description","tags") VALUES (39,NULL,'B-9ED49241-E4CA-96F5-77EF-3651E9660492',6,'','','','','');
INSERT INTO "resource" ("rowid","resource_hash","resource_uid","resource_type","title","author","copyright","description","tags") VALUES (40,NULL,'9-F878993B-6426-8F4B-B0F4-7E85F7359CA2',6,'','','','','');
INSERT INTO "resource" ("rowid","resource_hash","resource_uid","resource_type","title","author","copyright","description","tags") VALUES (41,NULL,'F-11171359-8462-A242-58A4-0201296CE31D',6,'','','','','');
INSERT INTO "resource" ("rowid","resource_hash","resource_uid","resource_type","title","author","copyright","description","tags") VALUES (42,NULL,'9-CA222CF4-343E-84EE-6CFC-04577048B62F',6,'','','','','');
INSERT INTO "resource" ("rowid","resource_hash","resource_uid","resource_type","title","author","copyright","description","tags") VALUES (43,NULL,'6-59F4A8FC-F415-BC40-9CFA-C438D35ECB1C',6,'','','','','');
INSERT INTO "resource" ("rowid","resource_hash","resource_uid","resource_type","title","author","copyright","description","tags") VALUES (44,NULL,'B-B2B4916D-B48E-94BB-32D7-A1F7D39D1DFC',6,'','','','','');
INSERT INTO "resource" ("rowid","resource_hash","resource_uid","resource_type","title","author","copyright","description","tags") VALUES (45,-958741227,'1-ECF7327F-773A-404C-BE66-9951203B8EFE',6,'','','','','');
INSERT INTO "resource" ("rowid","resource_hash","resource_uid","resource_type","title","author","copyright","description","tags") VALUES (46,-28161358,'1-AF2A42F6-498B-4E60-BABB-CC1552E44A4C',6,'','','','','');
INSERT INTO "resource" ("rowid","resource_hash","resource_uid","resource_type","title","author","copyright","description","tags") VALUES (47,1971113547,'1-474BE18C-9418-4443-90F7-EE70EDBF8D76',6,'','','','','');
INSERT INTO "resource" ("rowid","resource_hash","resource_uid","resource_type","title","author","copyright","description","tags") VALUES (48,1747480394,'1-849C3BD2-4938-464F-96A4-E58561B07939',6,'','','','','');
INSERT INTO "resource" ("rowid","resource_hash","resource_uid","resource_type","title","author","copyright","description","tags") VALUES (49,-929855414,'1-A500376A-8DAB-4F33-BC1B-8C15693161D8',6,'','','','','');
INSERT INTO "resource" ("rowid","resource_hash","resource_uid","resource_type","title","author","copyright","description","tags") VALUES (50,-2134789091,'1-E5CA107A-2FB5-44F6-92B5-4F1FFE666B08',6,'','','','','');
INSERT INTO "resource" ("rowid","resource_hash","resource_uid","resource_type","title","author","copyright","description","tags") VALUES (51,-849538193,'1-8821C865-6212-49E0-9E4F-836E275A8E48',6,'','','','','');
INSERT INTO "resource" ("rowid","resource_hash","resource_uid","resource_type","title","author","copyright","description","tags") VALUES (52,-416075448,'1-B7A75005-8E04-4A74-A31A-AF7421F154F6',6,'','','','','');
INSERT INTO "resource" ("rowid","resource_hash","resource_uid","resource_type","title","author","copyright","description","tags") VALUES (53,-480153029,'1-578CFE51-4C13-4673-85BB-8E901370C9DA',6,'','','','','');
INSERT INTO "resource" ("rowid","resource_hash","resource_uid","resource_type","title","author","copyright","description","tags") VALUES (54,-1181578894,'1-DBBADB10-38A0-4B93-B1B4-775F320431FB',6,'','','','','');
INSERT INTO "resource" ("rowid","resource_hash","resource_uid","resource_type","title","author","copyright","description","tags") VALUES (55,1292216028,'1-83224764-492B-46F6-9D40-B420A88DD29A',6,'','','','','');
INSERT INTO "resource" ("rowid","resource_hash","resource_uid","resource_type","title","author","copyright","description","tags") VALUES (56,-716562417,'1-31178A7B-1B35-4936-B23F-321AAACF645A',6,'','','','','');
INSERT INTO "resource" ("rowid","resource_hash","resource_uid","resource_type","title","author","copyright","description","tags") VALUES (57,-1413357243,'1-D896B418-3B0C-47BD-94F4-D1B8F7FBCF27',6,'001-1_image-00001.png','','','','');
INSERT INTO "resource" ("rowid","resource_hash","resource_uid","resource_type","title","author","copyright","description","tags") VALUES (58,-1878220822,'1-D318D220-AA5E-4CC8-93BF-1B3837A82BE9',2,'CGKV Logo','','','','');
INSERT INTO "presentation_property_group_global" ("rowid","link_id","group_name") VALUES (1,6,'Default_Scripture_BK');
INSERT INTO "presentation_property_group_global" ("rowid","link_id","group_name") VALUES (2,6,'Scripture_Attributes');
INSERT INTO "presentation_property_group_global" ("rowid","link_id","group_name") VALUES (3,6,'Text_Attributes');
INSERT INTO "presentation_property_global" ("rowid","group_id","value_type","key","value") VALUES (1,1,6,'FileType','11');
INSERT INTO "presentation_property_global" ("rowid","group_id","value_type","key","value") VALUES (2,1,1,'ID','48');
INSERT INTO "presentation_property_global" ("rowid","group_id","value_type","key","value") VALUES (3,2,5,'Show_Reference','0');
INSERT INTO "presentation_property_global" ("rowid","group_id","value_type","key","value") VALUES (4,2,5,'One_Verse_Per_Slide','0');
INSERT INTO "presentation_property_global" ("rowid","group_id","value_type","key","value") VALUES (5,3,2,'Minimum_Size_Limit','0.116666666666667');
INSERT INTO "presentation" ("rowid","presentation_uid","presentation_rev_uid","presentation_global_uid","presentation_type","aspect_ratio","group_level","order_index","thumbnail_slide_id","layout_revision","thumbnail_desired_rev","thumbnail_rev","thumbnail","auto_theme","looping","title","author","copyright","administrator","description","tags","reference_number","vendor_id","notes","modified_date","ready","error_no") VALUES (1,'','1-2BB6F299-E161-4E52-AFC2-FCCF6C1664A7',NULL,6,'',0,0,NULL,4174883287216797697,4174883287216863233,4174883287216863233,X'ffd8ffe000104a46494600010100000100010000ffdb0043000302020302020303030304030304050805050404050a070706080c0a0c0c0b0a0b0b0d0e12100d0e110e0b0b1016101113141515150c0f171816141812141514ffdb00430103040405040509050509140d0b0d1414141414141414141414141414141414141414141414141414141414141414141414141414141414141414141414141414ffc000110800c0012003012200021101031101ffc4001f0000010501010101010100000000000000000102030405060708090a0bffc400b5100002010303020403050504040000017d01020300041105122131410613516107227114328191a1082342b1c11552d1f02433627282090a161718191a25262728292a3435363738393a434445464748494a535455565758595a636465666768696a737475767778797a838485868788898a92939495969798999aa2a3a4a5a6a7a8a9aab2b3b4b5b6b7b8b9bac2c3c4c5c6c7c8c9cad2d3d4d5d6d7d8d9dae1e2e3e4e5e6e7e8e9eaf1f2f3f4f5f6f7f8f9faffc4001f0100030101010101010101010000000000000102030405060708090a0bffc400b51100020102040403040705040400010277000102031104052131061241510761711322328108144291a1b1c109233352f0156272d10a162434e125f11718191a262728292a35363738393a434445464748494a535455565758595a636465666768696a737475767778797a82838485868788898a92939495969798999aa2a3a4a5a6a7a8a9aab2b3b4b5b6b7b8b9bac2c3c4c5c6c7c8c9cad2d3d4d5d6d7d8d9dae2e3e4e5e6e7e8e9eaf2f3f4f5f6f7f8f9faffda000c03010002110311003f00fcaaa28a2800a28a2800a28a2800a28a2800a28a2800a28a2800a28a2800a28a2800a28a2800a28a2800a28a2800a28a2800a28a2800a28a2800a28a2800a28a2800a28a2800a28a2800a28a2800a28a2800a28a2800a28a2800a28a2800a28a2800a28a2800a28a2800a28a2800a28a2800a28a2800a28a2800a28a2800a28a2800a28a2800a28a2800a28a2800a28a2800a28a2800a28a2800a28a2800a28a2800a28a2800a28a2800a28a2800a28a2800a28a2800a28a2800a28a2800a28a2800a28a2800a28a2800a28a2800a28a2800a28a2800a28a2800a28a2800a28a2800a28a2800a28a2800a28a2800a28a2800a28a2800a28a2800a28a2800a28a2800a28a2800a28a2800a28a2800a28a2800a28a2800a28a2800a28a2800a28a2800a28a2800a28a2800a28a2800a28a2800a28a2800a28a2800a28a2800a28a2800a28a2800a28a2800a28a2800a28a2800a28a2800a28a2800a28a2800a28a2800a28a2800a28a2800a28a2800a28a2800a28a2800a28a2800a28a2800a28a2800a28a2800a28a2800a28a2800a28a2800a28a2800a28a2800a28a2800a28a2800a28a2800a28a2800a28a2800a28a2800a28a2800a28a2800a28a2800a28a2800a28a2800a28a2800a28a2800a28a2800a28a2800a28a2800a28a2800a28a2800a28a2800a28a2800a28a2800a28a2800a28a2800a28a2800a28a2800a28a2800a28a2800a28a2800a28a2800a28a2800a28a2800a28a2800a28a2800a28a2800a28a2800a28a2800a28a2800a28a2800a28a2800a28a2800a28a2800a28a2800a28a2800a28a2800a28a2800a28a2800a28a2800a28a2800a28a2800a28a2800a28a2800a28a2800a28a2800a28a2800a28a2800a28a2800a28a2800a28a2800a28a2800a28a2800a28a2800a28a2800a28a2800a28a2800a28a2800a28a2800a28a2800a28a2800a28a2800a28a2800a28a2800a28a2800a28a2800a28a2800a28a2800a28a2800a28a2800a28a2800a28a2800a28a2800a28a2800a28a2800a28a2800a28a2800a28a2800a28a2800a28a2800a28a2800a28a2800a28a2800a28a2800a28a2800a28a2800a28a2800a28a2800a28a2800a28a2800a28a2800a28a2800a28a2800a28a2800a28a2800a28a2800a28a2800a28a2800a28a2800a28a2800a28a2800a28a2800a28a2800a28a2800a28a2800a28a2800a28a2803ffd9',0,0,'mijn test','','','','','','',NULL,'',132124466401890000,1,0);
INSERT INTO "presentation" ("rowid","presentation_uid","presentation_rev_uid","presentation_global_uid","presentation_type","aspect_ratio","group_level","order_index","thumbnail_slide_id","layout_revision","thumbnail_desired_rev","thumbnail_rev","thumbnail","auto_theme","looping","title","author","copyright","administrator","description","tags","reference_number","vendor_id","notes","modified_date","ready","error_no") VALUES (2,'BLANK','6.0.7',NULL,13,'',1,0,NULL,NULL,NULL,NULL,NULL,1,0,'Blank','','','','','','',NULL,'',132120916145610000,1,0);
INSERT INTO "presentation" ("rowid","presentation_uid","presentation_rev_uid","presentation_global_uid","presentation_type","aspect_ratio","group_level","order_index","thumbnail_slide_id","layout_revision","thumbnail_desired_rev","thumbnail_rev","thumbnail","auto_theme","looping","title","author","copyright","administrator","description","tags","reference_number","vendor_id","notes","modified_date","ready","error_no") VALUES (3,NULL,NULL,NULL,8,'',0,0,NULL,NULL,4174883283702822913,NULL,NULL,0,0,'lied 2','','','','','','',NULL,'',NULL,1,0);
INSERT INTO "presentation" ("rowid","presentation_uid","presentation_rev_uid","presentation_global_uid","presentation_type","aspect_ratio","group_level","order_index","thumbnail_slide_id","layout_revision","thumbnail_desired_rev","thumbnail_rev","thumbnail","auto_theme","looping","title","author","copyright","administrator","description","tags","reference_number","vendor_id","notes","modified_date","ready","error_no") VALUES (4,NULL,NULL,NULL,8,'',0,0,NULL,NULL,4174883283703019521,NULL,NULL,0,0,'lied 3','','','','','','',NULL,'',NULL,1,0);
INSERT INTO "presentation" ("rowid","presentation_uid","presentation_rev_uid","presentation_global_uid","presentation_type","aspect_ratio","group_level","order_index","thumbnail_slide_id","layout_revision","thumbnail_desired_rev","thumbnail_rev","thumbnail","auto_theme","looping","title","author","copyright","administrator","description","tags","reference_number","vendor_id","notes","modified_date","ready","error_no") VALUES (5,NULL,NULL,NULL,8,'',0,0,NULL,NULL,4174883283703412737,NULL,NULL,0,0,'lied 4','','','','','','',NULL,'',NULL,1,0);
INSERT INTO "presentation" ("rowid","presentation_uid","presentation_rev_uid","presentation_global_uid","presentation_type","aspect_ratio","group_level","order_index","thumbnail_slide_id","layout_revision","thumbnail_desired_rev","thumbnail_rev","thumbnail","auto_theme","looping","title","author","copyright","administrator","description","tags","reference_number","vendor_id","notes","modified_date","ready","error_no") VALUES (6,'GLOBAL','1-F69AE437-B115-4B0F-9C8B-3E095824D864',NULL,11,'',2,0,NULL,4173800390360199169,4174883283544946689,4173799969004854273,NULL,0,0,'Global','','','','','','',NULL,'',131959201161130000,1,0);
INSERT INTO "info" ("rowid","version","version_min") VALUES (1,'6.7.10.0','6.5.1.0');
INSERT INTO "file" ("rowid","file_hash","filename","shared_filename") VALUES (2,'e7170572c5a3c8c26de6cc91da7e4fc63d17672557a59c5e20defc5bd783ad35','4gm6z2.jpg',NULL);
INSERT INTO "element_property_group" ("rowid","link_id","group_name") VALUES (17,23,'Text_Format');
INSERT INTO "element_property_group" ("rowid","link_id","group_name") VALUES (18,23,'Overrides');
INSERT INTO "element_property_group" ("rowid","link_id","group_name") VALUES (19,24,'Text_Format');
INSERT INTO "element_property_group" ("rowid","link_id","group_name") VALUES (20,24,'Overrides');
INSERT INTO "element_property_group" ("rowid","link_id","group_name") VALUES (21,28,'Text_Format');
INSERT INTO "element_property_group" ("rowid","link_id","group_name") VALUES (22,28,'Overrides');
INSERT INTO "element_property_group" ("rowid","link_id","group_name") VALUES (23,29,'Text_Format');
INSERT INTO "element_property_group" ("rowid","link_id","group_name") VALUES (24,29,'Overrides');
INSERT INTO "element_property_group" ("rowid","link_id","group_name") VALUES (25,33,'Text_Format');
INSERT INTO "element_property_group" ("rowid","link_id","group_name") VALUES (26,33,'Overrides');
INSERT INTO "element_property_group" ("rowid","link_id","group_name") VALUES (27,34,'Text_Format');
INSERT INTO "element_property_group" ("rowid","link_id","group_name") VALUES (28,34,'Overrides');
INSERT INTO "element_property_group" ("rowid","link_id","group_name") VALUES (29,38,'Text_Format');
INSERT INTO "element_property_group" ("rowid","link_id","group_name") VALUES (30,38,'Overrides');
INSERT INTO "element_property_group" ("rowid","link_id","group_name") VALUES (31,39,'Text_Format');
INSERT INTO "element_property_group" ("rowid","link_id","group_name") VALUES (32,39,'Overrides');
INSERT INTO "element_property_group" ("rowid","link_id","group_name") VALUES (33,43,'Text_Format');
INSERT INTO "element_property_group" ("rowid","link_id","group_name") VALUES (34,43,'Overrides');
INSERT INTO "element_property_group" ("rowid","link_id","group_name") VALUES (35,44,'Text_Format');
INSERT INTO "element_property_group" ("rowid","link_id","group_name") VALUES (36,44,'Overrides');
INSERT INTO "element_property_group" ("rowid","link_id","group_name") VALUES (37,48,'Text_Format');
INSERT INTO "element_property_group" ("rowid","link_id","group_name") VALUES (38,48,'Overrides');
INSERT INTO "element_property_group" ("rowid","link_id","group_name") VALUES (39,49,'Text_Format');
INSERT INTO "element_property_group" ("rowid","link_id","group_name") VALUES (40,49,'Overrides');
INSERT INTO "element_property_group" ("rowid","link_id","group_name") VALUES (41,53,'Text_Format');
INSERT INTO "element_property_group" ("rowid","link_id","group_name") VALUES (42,53,'Overrides');
INSERT INTO "element_property_group" ("rowid","link_id","group_name") VALUES (43,54,'Text_Format');
INSERT INTO "element_property_group" ("rowid","link_id","group_name") VALUES (44,54,'Overrides');
INSERT INTO "element_property_group" ("rowid","link_id","group_name") VALUES (45,58,'Text_Format');
INSERT INTO "element_property_group" ("rowid","link_id","group_name") VALUES (46,58,'Overrides');
INSERT INTO "element_property_group" ("rowid","link_id","group_name") VALUES (47,59,'Text_Format');
INSERT INTO "element_property_group" ("rowid","link_id","group_name") VALUES (48,59,'Overrides');
INSERT INTO "element_property_group" ("rowid","link_id","group_name") VALUES (49,63,'Text_Format');
INSERT INTO "element_property_group" ("rowid","link_id","group_name") VALUES (50,63,'Overrides');
INSERT INTO "element_property_group" ("rowid","link_id","group_name") VALUES (51,64,'Text_Format');
INSERT INTO "element_property_group" ("rowid","link_id","group_name") VALUES (52,64,'Overrides');
INSERT INTO "element_property_group" ("rowid","link_id","group_name") VALUES (53,68,'Text_Format');
INSERT INTO "element_property_group" ("rowid","link_id","group_name") VALUES (54,68,'Overrides');
INSERT INTO "element_property_group" ("rowid","link_id","group_name") VALUES (55,69,'Text_Format');
INSERT INTO "element_property_group" ("rowid","link_id","group_name") VALUES (56,69,'Overrides');
INSERT INTO "element_property_group" ("rowid","link_id","group_name") VALUES (57,73,'Text_Format');
INSERT INTO "element_property_group" ("rowid","link_id","group_name") VALUES (58,73,'Overrides');
INSERT INTO "element_property_group" ("rowid","link_id","group_name") VALUES (59,74,'Text_Format');
INSERT INTO "element_property_group" ("rowid","link_id","group_name") VALUES (60,74,'Overrides');
INSERT INTO "element_property_group" ("rowid","link_id","group_name") VALUES (61,78,'Overrides');
INSERT INTO "element_property_group" ("rowid","link_id","group_name") VALUES (62,78,'Text_Format');
INSERT INTO "element_property_group" ("rowid","link_id","group_name") VALUES (63,78,'Text_Style_101');
INSERT INTO "element_property_group" ("rowid","link_id","group_name") VALUES (64,78,'Text_Style_102');
INSERT INTO "element_property_group" ("rowid","link_id","group_name") VALUES (65,79,'Text_Style_103');
INSERT INTO "element_property_group" ("rowid","link_id","group_name") VALUES (66,79,'Text_Format');
INSERT INTO "element_property_group" ("rowid","link_id","group_name") VALUES (67,79,'Overrides');
INSERT INTO "element_property_group" ("rowid","link_id","group_name") VALUES (68,80,'Text_Format');
INSERT INTO "element_property_group" ("rowid","link_id","group_name") VALUES (69,80,'Text_Style_201');
INSERT INTO "element_property_group" ("rowid","link_id","group_name") VALUES (70,83,'Overrides');
INSERT INTO "element_property_group" ("rowid","link_id","group_name") VALUES (71,83,'Text_Format');
INSERT INTO "element_property_group" ("rowid","link_id","group_name") VALUES (72,83,'Text_Style_101');
INSERT INTO "element_property_group" ("rowid","link_id","group_name") VALUES (73,83,'Text_Style_102');
INSERT INTO "element_property_group" ("rowid","link_id","group_name") VALUES (74,84,'Text_Style_103');
INSERT INTO "element_property_group" ("rowid","link_id","group_name") VALUES (75,84,'Text_Format');
INSERT INTO "element_property_group" ("rowid","link_id","group_name") VALUES (76,84,'Overrides');
INSERT INTO "element_property_group" ("rowid","link_id","group_name") VALUES (77,85,'Text_Format');
INSERT INTO "element_property_group" ("rowid","link_id","group_name") VALUES (78,85,'Text_Style_201');
INSERT INTO "element_property_group" ("rowid","link_id","group_name") VALUES (79,88,'Overrides');
INSERT INTO "element_property_group" ("rowid","link_id","group_name") VALUES (80,88,'Text_Format');
INSERT INTO "element_property_group" ("rowid","link_id","group_name") VALUES (81,88,'Text_Style_101');
INSERT INTO "element_property_group" ("rowid","link_id","group_name") VALUES (82,88,'Text_Style_102');
INSERT INTO "element_property_group" ("rowid","link_id","group_name") VALUES (83,89,'Text_Style_103');
INSERT INTO "element_property_group" ("rowid","link_id","group_name") VALUES (84,89,'Text_Format');
INSERT INTO "element_property_group" ("rowid","link_id","group_name") VALUES (85,89,'Overrides');
INSERT INTO "element_property_group" ("rowid","link_id","group_name") VALUES (86,90,'Text_Format');
INSERT INTO "element_property_group" ("rowid","link_id","group_name") VALUES (87,90,'Text_Style_201');
INSERT INTO "element_property_group" ("rowid","link_id","group_name") VALUES (88,93,'Text_Style_201');
INSERT INTO "element_property_group" ("rowid","link_id","group_name") VALUES (89,93,'Text_Style_100');
INSERT INTO "element_property_group" ("rowid","link_id","group_name") VALUES (90,93,'Text_Style_500');
INSERT INTO "element_property_group" ("rowid","link_id","group_name") VALUES (91,93,'Text_Style_102');
INSERT INTO "element_property_group" ("rowid","link_id","group_name") VALUES (92,93,'Text_Style_203');
INSERT INTO "element_property_group" ("rowid","link_id","group_name") VALUES (93,93,'Text_Format');
INSERT INTO "element_property_group" ("rowid","link_id","group_name") VALUES (94,93,'Overrides');
INSERT INTO "element_property_group" ("rowid","link_id","group_name") VALUES (95,93,'Text_Style_103');
INSERT INTO "element_property_group" ("rowid","link_id","group_name") VALUES (96,93,'Text_Style_402');
INSERT INTO "element_property_group" ("rowid","link_id","group_name") VALUES (97,93,'Text_Style_303');
INSERT INTO "element_property_group" ("rowid","link_id","group_name") VALUES (98,93,'Text_Style_202');
INSERT INTO "element_property_group" ("rowid","link_id","group_name") VALUES (99,93,'Text_Style_305');
INSERT INTO "element_property_group" ("rowid","link_id","group_name") VALUES (100,93,'Text_Style_300');
INSERT INTO "element_property_group" ("rowid","link_id","group_name") VALUES (101,93,'Text_Style_302');
INSERT INTO "element_property_group" ("rowid","link_id","group_name") VALUES (102,93,'Text_Style_306');
INSERT INTO "element_property_group" ("rowid","link_id","group_name") VALUES (103,93,'Text_Style_400');
INSERT INTO "element_property_group" ("rowid","link_id","group_name") VALUES (104,93,'Text_Style_301');
INSERT INTO "element_property_group" ("rowid","link_id","group_name") VALUES (105,93,'Text');
INSERT INTO "element_property_group" ("rowid","link_id","group_name") VALUES (106,93,'Text_Style_101');
INSERT INTO "element_property_group" ("rowid","link_id","group_name") VALUES (107,93,'Text_Style_600');
INSERT INTO "element_property_group" ("rowid","link_id","group_name") VALUES (108,93,'Text_Style_309');
INSERT INTO "element_property_group" ("rowid","link_id","group_name") VALUES (109,93,'Text_Style_307');
INSERT INTO "element_property_group" ("rowid","link_id","group_name") VALUES (110,93,'Text_Style_0');
INSERT INTO "element_property_group" ("rowid","link_id","group_name") VALUES (111,93,'Text_Style_304');
INSERT INTO "element_property_group" ("rowid","link_id","group_name") VALUES (112,93,'Text_Style_401');
INSERT INTO "element_property_group" ("rowid","link_id","group_name") VALUES (113,93,'Text_Style_308');
INSERT INTO "element_property_group" ("rowid","link_id","group_name") VALUES (114,94,'Text_Style_103');
INSERT INTO "element_property_group" ("rowid","link_id","group_name") VALUES (115,95,'Text_Style_201');
INSERT INTO "element_property_group" ("rowid","link_id","group_name") VALUES (116,96,'Overrides');
INSERT INTO "element_property_group" ("rowid","link_id","group_name") VALUES (117,96,'Text_Format');
INSERT INTO "element_property_group" ("rowid","link_id","group_name") VALUES (118,97,'Foreground');
INSERT INTO "element_property_group" ("rowid","link_id","group_name") VALUES (119,97,'Overrides');
INSERT INTO "element_property_group" ("rowid","link_id","group_name") VALUES (120,97,'Element');
INSERT INTO "element_property_group" ("rowid","link_id","group_name") VALUES (121,98,'Background');
INSERT INTO "element_property_group" ("rowid","link_id","group_name") VALUES (122,98,'Foreground');
INSERT INTO "element_property_group" ("rowid","link_id","group_name") VALUES (123,99,'Background');
INSERT INTO "element_property_group" ("rowid","link_id","group_name") VALUES (124,99,'Foreground');
INSERT INTO "element_property_group" ("rowid","link_id","group_name") VALUES (125,100,'Background');
INSERT INTO "element_property_group" ("rowid","link_id","group_name") VALUES (126,100,'Text_Format');
INSERT INTO "element_property_group" ("rowid","link_id","group_name") VALUES (127,100,'Overrides');
INSERT INTO "element_property_group" ("rowid","link_id","group_name") VALUES (128,100,'Foreground');
INSERT INTO "element_property_group" ("rowid","link_id","group_name") VALUES (129,101,'Background');
INSERT INTO "element_property_group" ("rowid","link_id","group_name") VALUES (130,101,'Foreground');
INSERT INTO "element_property_group" ("rowid","link_id","group_name") VALUES (131,102,'Background');
INSERT INTO "element_property_group" ("rowid","link_id","group_name") VALUES (132,102,'Foreground');
INSERT INTO "element_property_group" ("rowid","link_id","group_name") VALUES (133,103,'Background');
INSERT INTO "element_property_group" ("rowid","link_id","group_name") VALUES (134,103,'Text_Format');
INSERT INTO "element_property_group" ("rowid","link_id","group_name") VALUES (135,103,'Overrides');
INSERT INTO "element_property_group" ("rowid","link_id","group_name") VALUES (136,103,'Foreground');
INSERT INTO "element_property_group" ("rowid","link_id","group_name") VALUES (137,104,'Background');
INSERT INTO "element_property_group" ("rowid","link_id","group_name") VALUES (138,104,'Text_Format');
INSERT INTO "element_property_group" ("rowid","link_id","group_name") VALUES (139,104,'Overrides');
INSERT INTO "element_property_group" ("rowid","link_id","group_name") VALUES (140,104,'Foreground');
INSERT INTO "element_property_group" ("rowid","link_id","group_name") VALUES (141,105,'Background');
INSERT INTO "element_property_group" ("rowid","link_id","group_name") VALUES (142,105,'Foreground');
INSERT INTO "element_property_group" ("rowid","link_id","group_name") VALUES (143,106,'Background');
INSERT INTO "element_property_group" ("rowid","link_id","group_name") VALUES (144,106,'Foreground');
INSERT INTO "element_property_group" ("rowid","link_id","group_name") VALUES (145,107,'Background');
INSERT INTO "element_property_group" ("rowid","link_id","group_name") VALUES (146,107,'Text_Format');
INSERT INTO "element_property_group" ("rowid","link_id","group_name") VALUES (147,107,'Text_Style_203');
INSERT INTO "element_property_group" ("rowid","link_id","group_name") VALUES (148,107,'Overrides');
INSERT INTO "element_property_group" ("rowid","link_id","group_name") VALUES (149,107,'Foreground');
INSERT INTO "element_property_group" ("rowid","link_id","group_name") VALUES (150,108,'Background');
INSERT INTO "element_property_group" ("rowid","link_id","group_name") VALUES (151,108,'Foreground');
INSERT INTO "element_property_group" ("rowid","link_id","group_name") VALUES (152,109,'Background');
INSERT INTO "element_property_group" ("rowid","link_id","group_name") VALUES (153,109,'Foreground');
INSERT INTO "element_property_group" ("rowid","link_id","group_name") VALUES (154,110,'Background');
INSERT INTO "element_property_group" ("rowid","link_id","group_name") VALUES (155,110,'Text_Format');
INSERT INTO "element_property_group" ("rowid","link_id","group_name") VALUES (156,110,'Overrides');
INSERT INTO "element_property_group" ("rowid","link_id","group_name") VALUES (157,110,'Foreground');
INSERT INTO "element_property_group" ("rowid","link_id","group_name") VALUES (158,111,'Background');
INSERT INTO "element_property_group" ("rowid","link_id","group_name") VALUES (159,111,'Text_Format');
INSERT INTO "element_property_group" ("rowid","link_id","group_name") VALUES (160,111,'Overrides');
INSERT INTO "element_property_group" ("rowid","link_id","group_name") VALUES (161,111,'Foreground');
INSERT INTO "element_property_group" ("rowid","link_id","group_name") VALUES (162,112,'Background');
INSERT INTO "element_property_group" ("rowid","link_id","group_name") VALUES (163,112,'Text_Format');
INSERT INTO "element_property_group" ("rowid","link_id","group_name") VALUES (164,112,'Overrides');
INSERT INTO "element_property_group" ("rowid","link_id","group_name") VALUES (165,112,'Foreground');
INSERT INTO "element_property" ("rowid","group_id","value_type","key","value") VALUES (30,17,5,'mofText','1');
INSERT INTO "element_property" ("rowid","group_id","value_type","key","value") VALUES (31,17,5,'mofDims','1');
INSERT INTO "element_property" ("rowid","group_id","value_type","key","value") VALUES (32,19,5,'mofText','1');
INSERT INTO "element_property" ("rowid","group_id","value_type","key","value") VALUES (33,20,5,'mofText','1');
INSERT INTO "element_property" ("rowid","group_id","value_type","key","value") VALUES (34,21,5,'mofText','1');
INSERT INTO "element_property" ("rowid","group_id","value_type","key","value") VALUES (35,21,5,'mofDims','1');
INSERT INTO "element_property" ("rowid","group_id","value_type","key","value") VALUES (36,22,5,'mofText','1');
INSERT INTO "element_property" ("rowid","group_id","value_type","key","value") VALUES (37,22,5,'mofDims','1');
INSERT INTO "element_property" ("rowid","group_id","value_type","key","value") VALUES (38,23,5,'mofText','1');
INSERT INTO "element_property" ("rowid","group_id","value_type","key","value") VALUES (39,24,5,'mofText','1');
INSERT INTO "element_property" ("rowid","group_id","value_type","key","value") VALUES (40,24,5,'mofDims','1');
INSERT INTO "element_property" ("rowid","group_id","value_type","key","value") VALUES (41,25,5,'mofText','1');
INSERT INTO "element_property" ("rowid","group_id","value_type","key","value") VALUES (42,25,5,'mofDims','1');
INSERT INTO "element_property" ("rowid","group_id","value_type","key","value") VALUES (43,26,5,'mofText','1');
INSERT INTO "element_property" ("rowid","group_id","value_type","key","value") VALUES (44,26,5,'mofDims','1');
INSERT INTO "element_property" ("rowid","group_id","value_type","key","value") VALUES (45,27,5,'mofText','1');
INSERT INTO "element_property" ("rowid","group_id","value_type","key","value") VALUES (46,27,5,'mofDims','1');
INSERT INTO "element_property" ("rowid","group_id","value_type","key","value") VALUES (47,28,5,'mofText','1');
INSERT INTO "element_property" ("rowid","group_id","value_type","key","value") VALUES (48,29,5,'mofText','1');
INSERT INTO "element_property" ("rowid","group_id","value_type","key","value") VALUES (49,29,5,'mofDims','1');
INSERT INTO "element_property" ("rowid","group_id","value_type","key","value") VALUES (50,30,5,'mofText','1');
INSERT INTO "element_property" ("rowid","group_id","value_type","key","value") VALUES (51,30,5,'mofDims','1');
INSERT INTO "element_property" ("rowid","group_id","value_type","key","value") VALUES (52,31,5,'mofText','1');
INSERT INTO "element_property" ("rowid","group_id","value_type","key","value") VALUES (53,31,5,'mofDims','1');
INSERT INTO "element_property" ("rowid","group_id","value_type","key","value") VALUES (54,32,5,'mofText','1');
INSERT INTO "element_property" ("rowid","group_id","value_type","key","value") VALUES (55,32,5,'mofDims','1');
INSERT INTO "element_property" ("rowid","group_id","value_type","key","value") VALUES (56,33,5,'mofText','1');
INSERT INTO "element_property" ("rowid","group_id","value_type","key","value") VALUES (57,34,5,'mofText','1');
INSERT INTO "element_property" ("rowid","group_id","value_type","key","value") VALUES (58,34,5,'mofDims','1');
INSERT INTO "element_property" ("rowid","group_id","value_type","key","value") VALUES (59,35,5,'mofText','1');
INSERT INTO "element_property" ("rowid","group_id","value_type","key","value") VALUES (60,35,5,'mofDims','1');
INSERT INTO "element_property" ("rowid","group_id","value_type","key","value") VALUES (61,36,5,'mofText','1');
INSERT INTO "element_property" ("rowid","group_id","value_type","key","value") VALUES (62,36,5,'mofDims','1');
INSERT INTO "element_property" ("rowid","group_id","value_type","key","value") VALUES (63,37,5,'mofText','1');
INSERT INTO "element_property" ("rowid","group_id","value_type","key","value") VALUES (64,37,5,'mofDims','1');
INSERT INTO "element_property" ("rowid","group_id","value_type","key","value") VALUES (65,38,5,'mofText','1');
INSERT INTO "element_property" ("rowid","group_id","value_type","key","value") VALUES (66,39,5,'mofText','1');
INSERT INTO "element_property" ("rowid","group_id","value_type","key","value") VALUES (67,39,5,'mofDims','1');
INSERT INTO "element_property" ("rowid","group_id","value_type","key","value") VALUES (68,40,5,'mofText','1');
INSERT INTO "element_property" ("rowid","group_id","value_type","key","value") VALUES (69,40,5,'mofDims','1');
INSERT INTO "element_property" ("rowid","group_id","value_type","key","value") VALUES (70,41,5,'mofText','1');
INSERT INTO "element_property" ("rowid","group_id","value_type","key","value") VALUES (71,41,5,'mofDims','1');
INSERT INTO "element_property" ("rowid","group_id","value_type","key","value") VALUES (72,42,5,'mofText','1');
INSERT INTO "element_property" ("rowid","group_id","value_type","key","value") VALUES (73,42,5,'mofDims','1');
INSERT INTO "element_property" ("rowid","group_id","value_type","key","value") VALUES (74,43,5,'mofText','1');
INSERT INTO "element_property" ("rowid","group_id","value_type","key","value") VALUES (75,44,5,'mofText','1');
INSERT INTO "element_property" ("rowid","group_id","value_type","key","value") VALUES (76,44,5,'mofDims','1');
INSERT INTO "element_property" ("rowid","group_id","value_type","key","value") VALUES (77,45,5,'mofText','1');
INSERT INTO "element_property" ("rowid","group_id","value_type","key","value") VALUES (78,45,5,'mofDims','1');
INSERT INTO "element_property" ("rowid","group_id","value_type","key","value") VALUES (79,46,5,'mofText','1');
INSERT INTO "element_property" ("rowid","group_id","value_type","key","value") VALUES (80,46,5,'mofDims','1');
INSERT INTO "element_property" ("rowid","group_id","value_type","key","value") VALUES (81,47,5,'mofText','1');
INSERT INTO "element_property" ("rowid","group_id","value_type","key","value") VALUES (82,47,5,'mofDims','1');
INSERT INTO "element_property" ("rowid","group_id","value_type","key","value") VALUES (83,48,5,'mofText','1');
INSERT INTO "element_property" ("rowid","group_id","value_type","key","value") VALUES (84,49,5,'mofText','1');
INSERT INTO "element_property" ("rowid","group_id","value_type","key","value") VALUES (85,49,5,'mofDims','1');
INSERT INTO "element_property" ("rowid","group_id","value_type","key","value") VALUES (86,50,5,'mofText','1');
INSERT INTO "element_property" ("rowid","group_id","value_type","key","value") VALUES (87,50,5,'mofDims','1');
INSERT INTO "element_property" ("rowid","group_id","value_type","key","value") VALUES (88,51,5,'mofText','1');
INSERT INTO "element_property" ("rowid","group_id","value_type","key","value") VALUES (89,51,5,'mofDims','1');
INSERT INTO "element_property" ("rowid","group_id","value_type","key","value") VALUES (90,52,5,'mofText','1');
INSERT INTO "element_property" ("rowid","group_id","value_type","key","value") VALUES (91,52,5,'mofDims','1');
INSERT INTO "element_property" ("rowid","group_id","value_type","key","value") VALUES (92,53,5,'mofText','1');
INSERT INTO "element_property" ("rowid","group_id","value_type","key","value") VALUES (93,54,5,'mofText','1');
INSERT INTO "element_property" ("rowid","group_id","value_type","key","value") VALUES (94,54,5,'mofDims','1');
INSERT INTO "element_property" ("rowid","group_id","value_type","key","value") VALUES (95,55,5,'mofText','1');
INSERT INTO "element_property" ("rowid","group_id","value_type","key","value") VALUES (96,55,5,'mofDims','1');
INSERT INTO "element_property" ("rowid","group_id","value_type","key","value") VALUES (97,56,5,'mofText','1');
INSERT INTO "element_property" ("rowid","group_id","value_type","key","value") VALUES (98,56,5,'mofDims','1');
INSERT INTO "element_property" ("rowid","group_id","value_type","key","value") VALUES (99,57,5,'mofText','1');
INSERT INTO "element_property" ("rowid","group_id","value_type","key","value") VALUES (100,57,5,'mofDims','1');
INSERT INTO "element_property" ("rowid","group_id","value_type","key","value") VALUES (101,58,5,'mofText','1');
INSERT INTO "element_property" ("rowid","group_id","value_type","key","value") VALUES (102,59,5,'mofText','1');
INSERT INTO "element_property" ("rowid","group_id","value_type","key","value") VALUES (103,59,5,'mofDims','1');
INSERT INTO "element_property" ("rowid","group_id","value_type","key","value") VALUES (104,60,5,'mofText','1');
INSERT INTO "element_property" ("rowid","group_id","value_type","key","value") VALUES (105,60,5,'mofDims','1');
INSERT INTO "element_property" ("rowid","group_id","value_type","key","value") VALUES (106,61,5,'mofText','1');
INSERT INTO "element_property" ("rowid","group_id","value_type","key","value") VALUES (107,61,5,'mofDims','1');
INSERT INTO "element_property" ("rowid","group_id","value_type","key","value") VALUES (108,62,5,'mofText','1');
INSERT INTO "element_property" ("rowid","group_id","value_type","key","value") VALUES (109,62,5,'mofDims','1');
INSERT INTO "element_property" ("rowid","group_id","value_type","key","value") VALUES (110,63,5,'mofText','1');
INSERT INTO "element_property" ("rowid","group_id","value_type","key","value") VALUES (111,64,5,'mofText','1');
INSERT INTO "element_property" ("rowid","group_id","value_type","key","value") VALUES (112,64,5,'mofDims','1');
INSERT INTO "element_property" ("rowid","group_id","value_type","key","value") VALUES (113,65,5,'mofText','1');
INSERT INTO "element_property" ("rowid","group_id","value_type","key","value") VALUES (114,65,5,'mofDims','1');
INSERT INTO "element_property" ("rowid","group_id","value_type","key","value") VALUES (115,66,5,'mofText','1');
INSERT INTO "element_property" ("rowid","group_id","value_type","key","value") VALUES (116,66,5,'mofDims','1');
INSERT INTO "element_property" ("rowid","group_id","value_type","key","value") VALUES (117,67,5,'mofText','1');
INSERT INTO "element_property" ("rowid","group_id","value_type","key","value") VALUES (118,67,5,'mofDims','1');
INSERT INTO "element_property" ("rowid","group_id","value_type","key","value") VALUES (119,68,5,'mofText','1');
INSERT INTO "element_property" ("rowid","group_id","value_type","key","value") VALUES (120,69,5,'mofText','1');
INSERT INTO "element_property" ("rowid","group_id","value_type","key","value") VALUES (121,69,5,'mofDims','1');
INSERT INTO "element_property" ("rowid","group_id","value_type","key","value") VALUES (122,70,5,'mofText','1');
INSERT INTO "element_property" ("rowid","group_id","value_type","key","value") VALUES (123,70,5,'mofDims','1');
INSERT INTO "element_property" ("rowid","group_id","value_type","key","value") VALUES (124,71,5,'mofText','1');
INSERT INTO "element_property" ("rowid","group_id","value_type","key","value") VALUES (125,71,5,'mofDims','1');
INSERT INTO "element_property" ("rowid","group_id","value_type","key","value") VALUES (126,72,5,'mofText','1');
INSERT INTO "element_property" ("rowid","group_id","value_type","key","value") VALUES (127,72,5,'mofDims','1');
INSERT INTO "element_property" ("rowid","group_id","value_type","key","value") VALUES (128,73,5,'mofText','1');
INSERT INTO "element_property" ("rowid","group_id","value_type","key","value") VALUES (129,74,5,'mofText','1');
INSERT INTO "element_property" ("rowid","group_id","value_type","key","value") VALUES (130,74,5,'mofDims','1');
INSERT INTO "element_property" ("rowid","group_id","value_type","key","value") VALUES (131,75,5,'mofText','1');
INSERT INTO "element_property" ("rowid","group_id","value_type","key","value") VALUES (132,75,5,'mofDims','1');
INSERT INTO "element_property" ("rowid","group_id","value_type","key","value") VALUES (133,61,5,'mofText','1');
INSERT INTO "element_property" ("rowid","group_id","value_type","key","value") VALUES (134,61,5,'mofDims','1');
INSERT INTO "element_property" ("rowid","group_id","value_type","key","value") VALUES (135,62,5,'mofText','1');
INSERT INTO "element_property" ("rowid","group_id","value_type","key","value") VALUES (136,62,5,'mofDims','1');
INSERT INTO "element_property" ("rowid","group_id","value_type","key","value") VALUES (137,66,5,'mofText','1');
INSERT INTO "element_property" ("rowid","group_id","value_type","key","value") VALUES (138,67,5,'mofText','1');
INSERT INTO "element_property" ("rowid","group_id","value_type","key","value") VALUES (139,67,5,'mofDims','1');
INSERT INTO "element_property" ("rowid","group_id","value_type","key","value") VALUES (140,70,5,'mofText','1');
INSERT INTO "element_property" ("rowid","group_id","value_type","key","value") VALUES (141,70,5,'mofDims','1');
INSERT INTO "element_property" ("rowid","group_id","value_type","key","value") VALUES (142,71,5,'mofText','1');
INSERT INTO "element_property" ("rowid","group_id","value_type","key","value") VALUES (143,71,5,'mofDims','1');
INSERT INTO "element_property" ("rowid","group_id","value_type","key","value") VALUES (144,75,5,'mofText','1');
INSERT INTO "element_property" ("rowid","group_id","value_type","key","value") VALUES (145,75,5,'mofDims','1');
INSERT INTO "element_property" ("rowid","group_id","value_type","key","value") VALUES (146,76,5,'mofText','1');
INSERT INTO "element_property" ("rowid","group_id","value_type","key","value") VALUES (147,79,5,'mofText','1');
INSERT INTO "element_property" ("rowid","group_id","value_type","key","value") VALUES (148,79,5,'mofDims','1');
INSERT INTO "element_property" ("rowid","group_id","value_type","key","value") VALUES (149,80,5,'mofText','1');
INSERT INTO "element_property" ("rowid","group_id","value_type","key","value") VALUES (150,80,5,'mofDims','1');
INSERT INTO "element_property" ("rowid","group_id","value_type","key","value") VALUES (151,84,5,'mofText','1');
INSERT INTO "element_property" ("rowid","group_id","value_type","key","value") VALUES (152,84,5,'mofDims','1');
INSERT INTO "element_property" ("rowid","group_id","value_type","key","value") VALUES (153,85,5,'mofText','1');
INSERT INTO "element_property" ("rowid","group_id","value_type","key","value") VALUES (154,85,5,'mofDims','1');
INSERT INTO "element_property" ("rowid","group_id","value_type","key","value") VALUES (155,94,5,'mofText','1');
INSERT INTO "element_property" ("rowid","group_id","value_type","key","value") VALUES (156,105,5,'@mofChanged','1');
INSERT INTO "element_property" ("rowid","group_id","value_type","key","value") VALUES (157,105,5,'@changed','1');
INSERT INTO "element_property" ("rowid","group_id","value_type","key","value") VALUES (158,116,5,'mofText','1');
INSERT INTO "element_property" ("rowid","group_id","value_type","key","value") VALUES (159,116,5,'mofDims','1');
INSERT INTO "element_property" ("rowid","group_id","value_type","key","value") VALUES (160,117,5,'mofText','1');
INSERT INTO "element_property" ("rowid","group_id","value_type","key","value") VALUES (161,117,5,'mofDims','1');
INSERT INTO "element_property" ("rowid","group_id","value_type","key","value") VALUES (162,118,5,'@mofChanged','1');
INSERT INTO "element_property" ("rowid","group_id","value_type","key","value") VALUES (163,118,5,'Interactive','1');
INSERT INTO "element_property" ("rowid","group_id","value_type","key","value") VALUES (164,118,5,'@changed','1');
INSERT INTO "element_property" ("rowid","group_id","value_type","key","value") VALUES (165,119,5,'mofForeground','1');
INSERT INTO "element_property" ("rowid","group_id","value_type","key","value") VALUES (166,120,5,'ConstrainDims','1');
INSERT INTO "element_property" ("rowid","group_id","value_type","key","value") VALUES (167,120,5,'@changed','1');
INSERT INTO "element_property" ("rowid","group_id","value_type","key","value") VALUES (168,127,5,'mofDims','1');
INSERT INTO "element_property" ("rowid","group_id","value_type","key","value") VALUES (169,135,5,'mofText','1');
INSERT INTO "element_property" ("rowid","group_id","value_type","key","value") VALUES (170,135,5,'mofDims','1');
INSERT INTO "element_property" ("rowid","group_id","value_type","key","value") VALUES (171,139,5,'mofText','1');
INSERT INTO "element_property" ("rowid","group_id","value_type","key","value") VALUES (172,139,5,'mofDims','1');
INSERT INTO "element_property" ("rowid","group_id","value_type","key","value") VALUES (173,147,5,'Hidden','1');
INSERT INTO "element_property" ("rowid","group_id","value_type","key","value") VALUES (174,147,5,'@changed','1');
INSERT INTO "element_property" ("rowid","group_id","value_type","key","value") VALUES (175,148,5,'mofText','1');
INSERT INTO "element_property" ("rowid","group_id","value_type","key","value") VALUES (176,148,5,'mofDims','1');
INSERT INTO "element_property" ("rowid","group_id","value_type","key","value") VALUES (177,156,5,'mofText','1');
INSERT INTO "element_property" ("rowid","group_id","value_type","key","value") VALUES (178,156,5,'mofDims','1');
INSERT INTO "element_property" ("rowid","group_id","value_type","key","value") VALUES (179,160,5,'mofText','1');
INSERT INTO "element_property" ("rowid","group_id","value_type","key","value") VALUES (180,160,5,'mofDims','1');
INSERT INTO "element_property" ("rowid","group_id","value_type","key","value") VALUES (181,164,5,'mofText','1');
INSERT INTO "element_property" ("rowid","group_id","value_type","key","value") VALUES (182,164,5,'mofDims','1');
INSERT INTO "element" ("rowid","slide_id","element_uid","element_type","element_style_type","order_index","x","y","width","height","background_resource_id","foreground_resource_id","internal_mute","from_master") VALUES (21,6,'BACKGROUND',0,0,0,0.0,0.0,1.0,1.0,NULL,NULL,0,0);
INSERT INTO "element" ("rowid","slide_id","element_uid","element_type","element_style_type","order_index","x","y","width","height","background_resource_id","foreground_resource_id","internal_mute","from_master") VALUES (22,6,'AUDIO',5,0,0,0.0,0.0,1.0,1.0,NULL,NULL,0,0);
INSERT INTO "element" ("rowid","slide_id","element_uid","element_type","element_style_type","order_index","x","y","width","height","background_resource_id","foreground_resource_id","internal_mute","from_master") VALUES (23,6,'CONTENT_SONG',6,4,0,0.0,0.0,1.0,1.0,NULL,12,0,0);
INSERT INTO "element" ("rowid","slide_id","element_uid","element_type","element_style_type","order_index","x","y","width","height","background_resource_id","foreground_resource_id","internal_mute","from_master") VALUES (24,6,'COPYRIGHT',6,8,0,0.0,0.9200000166893,1.0,0.0799999982118607,NULL,13,0,0);
INSERT INTO "element" ("rowid","slide_id","element_uid","element_type","element_style_type","order_index","x","y","width","height","background_resource_id","foreground_resource_id","internal_mute","from_master") VALUES (25,6,'CONTENT_SCRIPTURE',6,5,0,0.0,0.0,1.0,1.0,NULL,14,0,1);
INSERT INTO "element" ("rowid","slide_id","element_uid","element_type","element_style_type","order_index","x","y","width","height","background_resource_id","foreground_resource_id","internal_mute","from_master") VALUES (26,7,'BACKGROUND',0,0,0,0.0,0.0,1.0,1.0,NULL,NULL,0,0);
INSERT INTO "element" ("rowid","slide_id","element_uid","element_type","element_style_type","order_index","x","y","width","height","background_resource_id","foreground_resource_id","internal_mute","from_master") VALUES (27,7,'AUDIO',5,0,0,0.0,0.0,1.0,1.0,NULL,NULL,0,0);
INSERT INTO "element" ("rowid","slide_id","element_uid","element_type","element_style_type","order_index","x","y","width","height","background_resource_id","foreground_resource_id","internal_mute","from_master") VALUES (28,7,'CONTENT_SONG',6,4,0,0.0,0.0,1.0,1.0,NULL,15,0,0);
INSERT INTO "element" ("rowid","slide_id","element_uid","element_type","element_style_type","order_index","x","y","width","height","background_resource_id","foreground_resource_id","internal_mute","from_master") VALUES (29,7,'COPYRIGHT',6,8,0,0.0,0.9200000166893,1.0,0.0799999982118607,NULL,16,0,0);
INSERT INTO "element" ("rowid","slide_id","element_uid","element_type","element_style_type","order_index","x","y","width","height","background_resource_id","foreground_resource_id","internal_mute","from_master") VALUES (30,7,'CONTENT_SCRIPTURE',6,5,0,0.0,0.0,1.0,1.0,NULL,17,0,1);
INSERT INTO "element" ("rowid","slide_id","element_uid","element_type","element_style_type","order_index","x","y","width","height","background_resource_id","foreground_resource_id","internal_mute","from_master") VALUES (31,8,'BACKGROUND',0,0,0,0.0,0.0,1.0,1.0,NULL,NULL,0,0);
INSERT INTO "element" ("rowid","slide_id","element_uid","element_type","element_style_type","order_index","x","y","width","height","background_resource_id","foreground_resource_id","internal_mute","from_master") VALUES (32,8,'AUDIO',5,0,0,0.0,0.0,1.0,1.0,NULL,NULL,0,0);
INSERT INTO "element" ("rowid","slide_id","element_uid","element_type","element_style_type","order_index","x","y","width","height","background_resource_id","foreground_resource_id","internal_mute","from_master") VALUES (33,8,'CONTENT_SONG',6,4,0,0.0,0.0,1.0,1.0,NULL,18,0,0);
INSERT INTO "element" ("rowid","slide_id","element_uid","element_type","element_style_type","order_index","x","y","width","height","background_resource_id","foreground_resource_id","internal_mute","from_master") VALUES (34,8,'COPYRIGHT',6,8,0,0.0,0.9200000166893,1.0,0.0799999982118607,NULL,19,0,0);
INSERT INTO "element" ("rowid","slide_id","element_uid","element_type","element_style_type","order_index","x","y","width","height","background_resource_id","foreground_resource_id","internal_mute","from_master") VALUES (35,8,'CONTENT_SCRIPTURE',6,5,0,0.0,0.0,1.0,1.0,NULL,20,0,1);
INSERT INTO "element" ("rowid","slide_id","element_uid","element_type","element_style_type","order_index","x","y","width","height","background_resource_id","foreground_resource_id","internal_mute","from_master") VALUES (36,9,'BACKGROUND',0,0,0,0.0,0.0,1.0,1.0,NULL,NULL,0,0);
INSERT INTO "element" ("rowid","slide_id","element_uid","element_type","element_style_type","order_index","x","y","width","height","background_resource_id","foreground_resource_id","internal_mute","from_master") VALUES (37,9,'AUDIO',5,0,0,0.0,0.0,1.0,1.0,NULL,NULL,0,0);
INSERT INTO "element" ("rowid","slide_id","element_uid","element_type","element_style_type","order_index","x","y","width","height","background_resource_id","foreground_resource_id","internal_mute","from_master") VALUES (38,9,'CONTENT_SONG',6,4,0,0.0,0.0,1.0,1.0,NULL,21,0,0);
INSERT INTO "element" ("rowid","slide_id","element_uid","element_type","element_style_type","order_index","x","y","width","height","background_resource_id","foreground_resource_id","internal_mute","from_master") VALUES (39,9,'COPYRIGHT',6,8,0,0.0,0.9200000166893,1.0,0.0799999982118607,NULL,22,0,0);
INSERT INTO "element" ("rowid","slide_id","element_uid","element_type","element_style_type","order_index","x","y","width","height","background_resource_id","foreground_resource_id","internal_mute","from_master") VALUES (40,9,'CONTENT_SCRIPTURE',6,5,0,0.0,0.0,1.0,1.0,NULL,23,0,1);
INSERT INTO "element" ("rowid","slide_id","element_uid","element_type","element_style_type","order_index","x","y","width","height","background_resource_id","foreground_resource_id","internal_mute","from_master") VALUES (41,10,'BACKGROUND',0,0,0,0.0,0.0,1.0,1.0,NULL,NULL,0,0);
INSERT INTO "element" ("rowid","slide_id","element_uid","element_type","element_style_type","order_index","x","y","width","height","background_resource_id","foreground_resource_id","internal_mute","from_master") VALUES (42,10,'AUDIO',5,0,0,0.0,0.0,1.0,1.0,NULL,NULL,0,0);
INSERT INTO "element" ("rowid","slide_id","element_uid","element_type","element_style_type","order_index","x","y","width","height","background_resource_id","foreground_resource_id","internal_mute","from_master") VALUES (43,10,'CONTENT_SONG',6,4,0,0.0,0.0,1.0,1.0,NULL,24,0,0);
INSERT INTO "element" ("rowid","slide_id","element_uid","element_type","element_style_type","order_index","x","y","width","height","background_resource_id","foreground_resource_id","internal_mute","from_master") VALUES (44,10,'COPYRIGHT',6,8,0,0.0,0.9200000166893,1.0,0.0799999982118607,NULL,25,0,0);
INSERT INTO "element" ("rowid","slide_id","element_uid","element_type","element_style_type","order_index","x","y","width","height","background_resource_id","foreground_resource_id","internal_mute","from_master") VALUES (45,10,'CONTENT_SCRIPTURE',6,5,0,0.0,0.0,1.0,1.0,NULL,26,0,1);
INSERT INTO "element" ("rowid","slide_id","element_uid","element_type","element_style_type","order_index","x","y","width","height","background_resource_id","foreground_resource_id","internal_mute","from_master") VALUES (46,11,'BACKGROUND',0,0,0,0.0,0.0,1.0,1.0,NULL,NULL,0,0);
INSERT INTO "element" ("rowid","slide_id","element_uid","element_type","element_style_type","order_index","x","y","width","height","background_resource_id","foreground_resource_id","internal_mute","from_master") VALUES (47,11,'AUDIO',5,0,0,0.0,0.0,1.0,1.0,NULL,NULL,0,0);
INSERT INTO "element" ("rowid","slide_id","element_uid","element_type","element_style_type","order_index","x","y","width","height","background_resource_id","foreground_resource_id","internal_mute","from_master") VALUES (48,11,'CONTENT_SONG',6,4,0,0.0,0.0,1.0,1.0,NULL,27,0,0);
INSERT INTO "element" ("rowid","slide_id","element_uid","element_type","element_style_type","order_index","x","y","width","height","background_resource_id","foreground_resource_id","internal_mute","from_master") VALUES (49,11,'COPYRIGHT',6,8,0,0.0,0.9200000166893,1.0,0.0799999982118607,NULL,28,0,0);
INSERT INTO "element" ("rowid","slide_id","element_uid","element_type","element_style_type","order_index","x","y","width","height","background_resource_id","foreground_resource_id","internal_mute","from_master") VALUES (50,11,'CONTENT_SCRIPTURE',6,5,0,0.0,0.0,1.0,1.0,NULL,29,0,1);
INSERT INTO "element" ("rowid","slide_id","element_uid","element_type","element_style_type","order_index","x","y","width","height","background_resource_id","foreground_resource_id","internal_mute","from_master") VALUES (51,12,'BACKGROUND',0,0,0,0.0,0.0,1.0,1.0,NULL,NULL,0,0);
INSERT INTO "element" ("rowid","slide_id","element_uid","element_type","element_style_type","order_index","x","y","width","height","background_resource_id","foreground_resource_id","internal_mute","from_master") VALUES (52,12,'AUDIO',5,0,0,0.0,0.0,1.0,1.0,NULL,NULL,0,0);
INSERT INTO "element" ("rowid","slide_id","element_uid","element_type","element_style_type","order_index","x","y","width","height","background_resource_id","foreground_resource_id","internal_mute","from_master") VALUES (53,12,'CONTENT_SONG',6,4,0,0.0,0.0,1.0,1.0,NULL,30,0,0);
INSERT INTO "element" ("rowid","slide_id","element_uid","element_type","element_style_type","order_index","x","y","width","height","background_resource_id","foreground_resource_id","internal_mute","from_master") VALUES (54,12,'COPYRIGHT',6,8,0,0.0,0.9200000166893,1.0,0.0799999982118607,NULL,31,0,0);
INSERT INTO "element" ("rowid","slide_id","element_uid","element_type","element_style_type","order_index","x","y","width","height","background_resource_id","foreground_resource_id","internal_mute","from_master") VALUES (55,12,'CONTENT_SCRIPTURE',6,5,0,0.0,0.0,1.0,1.0,NULL,32,0,1);
INSERT INTO "element" ("rowid","slide_id","element_uid","element_type","element_style_type","order_index","x","y","width","height","background_resource_id","foreground_resource_id","internal_mute","from_master") VALUES (56,13,'BACKGROUND',0,0,0,0.0,0.0,1.0,1.0,NULL,NULL,0,0);
INSERT INTO "element" ("rowid","slide_id","element_uid","element_type","element_style_type","order_index","x","y","width","height","background_resource_id","foreground_resource_id","internal_mute","from_master") VALUES (57,13,'AUDIO',5,0,0,0.0,0.0,1.0,1.0,NULL,NULL,0,0);
INSERT INTO "element" ("rowid","slide_id","element_uid","element_type","element_style_type","order_index","x","y","width","height","background_resource_id","foreground_resource_id","internal_mute","from_master") VALUES (58,13,'CONTENT_SONG',6,4,0,0.0,0.0,1.0,1.0,NULL,33,0,0);
INSERT INTO "element" ("rowid","slide_id","element_uid","element_type","element_style_type","order_index","x","y","width","height","background_resource_id","foreground_resource_id","internal_mute","from_master") VALUES (59,13,'COPYRIGHT',6,8,0,0.0,0.9200000166893,1.0,0.0799999982118607,NULL,34,0,0);
INSERT INTO "element" ("rowid","slide_id","element_uid","element_type","element_style_type","order_index","x","y","width","height","background_resource_id","foreground_resource_id","internal_mute","from_master") VALUES (60,13,'CONTENT_SCRIPTURE',6,5,0,0.0,0.0,1.0,1.0,NULL,35,0,1);
INSERT INTO "element" ("rowid","slide_id","element_uid","element_type","element_style_type","order_index","x","y","width","height","background_resource_id","foreground_resource_id","internal_mute","from_master") VALUES (61,14,'BACKGROUND',0,0,0,0.0,0.0,1.0,1.0,NULL,NULL,0,0);
INSERT INTO "element" ("rowid","slide_id","element_uid","element_type","element_style_type","order_index","x","y","width","height","background_resource_id","foreground_resource_id","internal_mute","from_master") VALUES (62,14,'AUDIO',5,0,0,0.0,0.0,1.0,1.0,NULL,NULL,0,0);
INSERT INTO "element" ("rowid","slide_id","element_uid","element_type","element_style_type","order_index","x","y","width","height","background_resource_id","foreground_resource_id","internal_mute","from_master") VALUES (63,14,'CONTENT_SONG',6,4,0,0.0,0.0,1.0,1.0,NULL,36,0,0);
INSERT INTO "element" ("rowid","slide_id","element_uid","element_type","element_style_type","order_index","x","y","width","height","background_resource_id","foreground_resource_id","internal_mute","from_master") VALUES (64,14,'COPYRIGHT',6,8,0,0.0,0.9200000166893,1.0,0.0799999982118607,NULL,37,0,0);
INSERT INTO "element" ("rowid","slide_id","element_uid","element_type","element_style_type","order_index","x","y","width","height","background_resource_id","foreground_resource_id","internal_mute","from_master") VALUES (65,14,'CONTENT_SCRIPTURE',6,5,0,0.0,0.0,1.0,1.0,NULL,38,0,1);
INSERT INTO "element" ("rowid","slide_id","element_uid","element_type","element_style_type","order_index","x","y","width","height","background_resource_id","foreground_resource_id","internal_mute","from_master") VALUES (66,15,'BACKGROUND',0,0,0,0.0,0.0,1.0,1.0,NULL,NULL,0,0);
INSERT INTO "element" ("rowid","slide_id","element_uid","element_type","element_style_type","order_index","x","y","width","height","background_resource_id","foreground_resource_id","internal_mute","from_master") VALUES (67,15,'AUDIO',5,0,0,0.0,0.0,1.0,1.0,NULL,NULL,0,0);
INSERT INTO "element" ("rowid","slide_id","element_uid","element_type","element_style_type","order_index","x","y","width","height","background_resource_id","foreground_resource_id","internal_mute","from_master") VALUES (68,15,'CONTENT_SONG',6,4,0,0.0,0.0,1.0,1.0,NULL,39,0,0);
INSERT INTO "element" ("rowid","slide_id","element_uid","element_type","element_style_type","order_index","x","y","width","height","background_resource_id","foreground_resource_id","internal_mute","from_master") VALUES (69,15,'COPYRIGHT',6,8,0,0.0,0.9200000166893,1.0,0.0799999982118607,NULL,40,0,0);
INSERT INTO "element" ("rowid","slide_id","element_uid","element_type","element_style_type","order_index","x","y","width","height","background_resource_id","foreground_resource_id","internal_mute","from_master") VALUES (70,15,'CONTENT_SCRIPTURE',6,5,0,0.0,0.0,1.0,1.0,NULL,41,0,1);
INSERT INTO "element" ("rowid","slide_id","element_uid","element_type","element_style_type","order_index","x","y","width","height","background_resource_id","foreground_resource_id","internal_mute","from_master") VALUES (71,16,'BACKGROUND',0,0,0,0.0,0.0,1.0,1.0,NULL,NULL,0,0);
INSERT INTO "element" ("rowid","slide_id","element_uid","element_type","element_style_type","order_index","x","y","width","height","background_resource_id","foreground_resource_id","internal_mute","from_master") VALUES (72,16,'AUDIO',5,0,0,0.0,0.0,1.0,1.0,NULL,NULL,0,0);
INSERT INTO "element" ("rowid","slide_id","element_uid","element_type","element_style_type","order_index","x","y","width","height","background_resource_id","foreground_resource_id","internal_mute","from_master") VALUES (73,16,'CONTENT_SONG',6,4,0,0.0,0.0,1.0,1.0,NULL,42,0,0);
INSERT INTO "element" ("rowid","slide_id","element_uid","element_type","element_style_type","order_index","x","y","width","height","background_resource_id","foreground_resource_id","internal_mute","from_master") VALUES (74,16,'COPYRIGHT',6,8,0,0.0,0.9200000166893,1.0,0.0799999982118607,NULL,43,0,0);
INSERT INTO "element" ("rowid","slide_id","element_uid","element_type","element_style_type","order_index","x","y","width","height","background_resource_id","foreground_resource_id","internal_mute","from_master") VALUES (75,16,'CONTENT_SCRIPTURE',6,5,0,0.0,0.0,1.0,1.0,NULL,44,0,1);
INSERT INTO "element" ("rowid","slide_id","element_uid","element_type","element_style_type","order_index","x","y","width","height","background_resource_id","foreground_resource_id","internal_mute","from_master") VALUES (76,2,'BACKGROUND',0,0,0,0.0,0.0,1.0,1.0,NULL,NULL,0,0);
INSERT INTO "element" ("rowid","slide_id","element_uid","element_type","element_style_type","order_index","x","y","width","height","background_resource_id","foreground_resource_id","internal_mute","from_master") VALUES (77,2,'AUDIO',5,0,1,0.0,0.0,0.0599999986588955,0.0899999961256981,NULL,NULL,0,0);
INSERT INTO "element" ("rowid","slide_id","element_uid","element_type","element_style_type","order_index","x","y","width","height","background_resource_id","foreground_resource_id","internal_mute","from_master") VALUES (78,2,'CONTENT_SONG',6,4,2,0.0,0.0,1.0,1.0,NULL,45,0,0);
INSERT INTO "element" ("rowid","slide_id","element_uid","element_type","element_style_type","order_index","x","y","width","height","background_resource_id","foreground_resource_id","internal_mute","from_master") VALUES (79,2,'COPYRIGHT',6,8,3,0.0,0.9200000166893,1.0,0.0799999982118607,NULL,46,0,0);
INSERT INTO "element" ("rowid","slide_id","element_uid","element_type","element_style_type","order_index","x","y","width","height","background_resource_id","foreground_resource_id","internal_mute","from_master") VALUES (80,2,'CONTENT_SCRIPTURE',6,5,4,0.0,0.0,1.0,1.0,NULL,47,0,1);
INSERT INTO "element" ("rowid","slide_id","element_uid","element_type","element_style_type","order_index","x","y","width","height","background_resource_id","foreground_resource_id","internal_mute","from_master") VALUES (81,3,'BACKGROUND',0,0,0,0.0,0.0,1.0,1.0,NULL,NULL,0,0);
INSERT INTO "element" ("rowid","slide_id","element_uid","element_type","element_style_type","order_index","x","y","width","height","background_resource_id","foreground_resource_id","internal_mute","from_master") VALUES (82,3,'AUDIO',5,0,1,0.0,0.0,0.0599999986588955,0.0899999961256981,NULL,NULL,0,0);
INSERT INTO "element" ("rowid","slide_id","element_uid","element_type","element_style_type","order_index","x","y","width","height","background_resource_id","foreground_resource_id","internal_mute","from_master") VALUES (83,3,'CONTENT_SONG',6,4,2,0.0,0.0,1.0,1.0,NULL,48,0,0);
INSERT INTO "element" ("rowid","slide_id","element_uid","element_type","element_style_type","order_index","x","y","width","height","background_resource_id","foreground_resource_id","internal_mute","from_master") VALUES (84,3,'COPYRIGHT',6,8,3,0.0,0.9200000166893,1.0,0.0799999982118607,NULL,49,0,0);
INSERT INTO "element" ("rowid","slide_id","element_uid","element_type","element_style_type","order_index","x","y","width","height","background_resource_id","foreground_resource_id","internal_mute","from_master") VALUES (85,3,'CONTENT_SCRIPTURE',6,5,4,0.0,0.0,1.0,1.0,NULL,50,0,1);
INSERT INTO "element" ("rowid","slide_id","element_uid","element_type","element_style_type","order_index","x","y","width","height","background_resource_id","foreground_resource_id","internal_mute","from_master") VALUES (86,4,'BACKGROUND',0,0,0,0.0,0.0,1.0,1.0,NULL,NULL,0,0);
INSERT INTO "element" ("rowid","slide_id","element_uid","element_type","element_style_type","order_index","x","y","width","height","background_resource_id","foreground_resource_id","internal_mute","from_master") VALUES (87,4,'AUDIO',5,0,1,0.0,0.0,0.0599999986588955,0.0899999961256981,NULL,NULL,0,0);
INSERT INTO "element" ("rowid","slide_id","element_uid","element_type","element_style_type","order_index","x","y","width","height","background_resource_id","foreground_resource_id","internal_mute","from_master") VALUES (88,4,'CONTENT_SONG',6,4,2,0.0,0.0,1.0,1.0,NULL,51,0,0);
INSERT INTO "element" ("rowid","slide_id","element_uid","element_type","element_style_type","order_index","x","y","width","height","background_resource_id","foreground_resource_id","internal_mute","from_master") VALUES (89,4,'COPYRIGHT',6,8,3,0.0,0.9200000166893,1.0,0.0799999982118607,NULL,52,0,0);
INSERT INTO "element" ("rowid","slide_id","element_uid","element_type","element_style_type","order_index","x","y","width","height","background_resource_id","foreground_resource_id","internal_mute","from_master") VALUES (90,4,'CONTENT_SCRIPTURE',6,5,4,0.0,0.0,1.0,1.0,NULL,53,0,1);
INSERT INTO "element" ("rowid","slide_id","element_uid","element_type","element_style_type","order_index","x","y","width","height","background_resource_id","foreground_resource_id","internal_mute","from_master") VALUES (91,5,'BACKGROUND',0,0,0,0.0,0.0,1.0,1.0,NULL,NULL,0,0);
INSERT INTO "element" ("rowid","slide_id","element_uid","element_type","element_style_type","order_index","x","y","width","height","background_resource_id","foreground_resource_id","internal_mute","from_master") VALUES (92,5,'AUDIO',5,0,1,0.0,0.0,0.0599999986588955,0.0899999961256981,NULL,NULL,0,0);
INSERT INTO "element" ("rowid","slide_id","element_uid","element_type","element_style_type","order_index","x","y","width","height","background_resource_id","foreground_resource_id","internal_mute","from_master") VALUES (93,5,'CONTENT_SONG',6,4,2,0.0,0.0,1.0,1.0,NULL,54,0,1);
INSERT INTO "element" ("rowid","slide_id","element_uid","element_type","element_style_type","order_index","x","y","width","height","background_resource_id","foreground_resource_id","internal_mute","from_master") VALUES (94,5,'COPYRIGHT',6,8,3,0.0,0.9200000166893,1.0,0.0799999982118607,NULL,55,0,1);
INSERT INTO "element" ("rowid","slide_id","element_uid","element_type","element_style_type","order_index","x","y","width","height","background_resource_id","foreground_resource_id","internal_mute","from_master") VALUES (95,5,'CONTENT_SCRIPTURE',6,5,4,0.0,0.0,1.0,1.0,NULL,56,0,1);
INSERT INTO "element" ("rowid","slide_id","element_uid","element_type","element_style_type","order_index","x","y","width","height","background_resource_id","foreground_resource_id","internal_mute","from_master") VALUES (96,5,'4-1FB4631D-7455-AE44-6771-B5BC900E49D2',2,0,5,0.0199999995529652,0.314999997615814,0.959999978542328,0.65499997138977,NULL,57,0,0);
INSERT INTO "element" ("rowid","slide_id","element_uid","element_type","element_style_type","order_index","x","y","width","height","background_resource_id","foreground_resource_id","internal_mute","from_master") VALUES (97,5,'1-38A2843E-0963-45FC-850F-E8412C764B3D',2,0,6,0.222222208976746,0.0833333432674408,0.555555582046509,0.833333313465118,NULL,58,0,0);
INSERT INTO "element" ("rowid","slide_id","element_uid","element_type","element_style_type","order_index","x","y","width","height","background_resource_id","foreground_resource_id","internal_mute","from_master") VALUES (98,17,'BACKGROUND',0,0,0,0.0,0.0,1.0,1.0,NULL,NULL,0,0);
INSERT INTO "element" ("rowid","slide_id","element_uid","element_type","element_style_type","order_index","x","y","width","height","background_resource_id","foreground_resource_id","internal_mute","from_master") VALUES (99,17,'AUDIO',5,0,1,0.0,0.0,1.0,1.0,NULL,NULL,0,0);
INSERT INTO "element" ("rowid","slide_id","element_uid","element_type","element_style_type","order_index","x","y","width","height","background_resource_id","foreground_resource_id","internal_mute","from_master") VALUES (100,17,'CONTENT',6,1,2,0.0,0.0,1.0,1.0,NULL,NULL,0,0);
INSERT INTO "element" ("rowid","slide_id","element_uid","element_type","element_style_type","order_index","x","y","width","height","background_resource_id","foreground_resource_id","internal_mute","from_master") VALUES (101,18,'BACKGROUND',0,0,0,0.0,0.0,1.0,1.0,NULL,NULL,0,0);
INSERT INTO "element" ("rowid","slide_id","element_uid","element_type","element_style_type","order_index","x","y","width","height","background_resource_id","foreground_resource_id","internal_mute","from_master") VALUES (102,18,'AUDIO',5,0,1,0.0,0.0,1.0,1.0,NULL,NULL,0,0);
INSERT INTO "element" ("rowid","slide_id","element_uid","element_type","element_style_type","order_index","x","y","width","height","background_resource_id","foreground_resource_id","internal_mute","from_master") VALUES (103,18,'CONTENT_SONG',6,4,2,0.0,0.0,1.0,1.0,NULL,NULL,0,0);
INSERT INTO "element" ("rowid","slide_id","element_uid","element_type","element_style_type","order_index","x","y","width","height","background_resource_id","foreground_resource_id","internal_mute","from_master") VALUES (104,18,'COPYRIGHT',6,8,3,0.0,0.9200000166893,1.0,0.0799999982118607,NULL,NULL,0,0);
INSERT INTO "element" ("rowid","slide_id","element_uid","element_type","element_style_type","order_index","x","y","width","height","background_resource_id","foreground_resource_id","internal_mute","from_master") VALUES (105,19,'BACKGROUND',0,0,0,0.0,0.0,1.0,1.0,NULL,NULL,0,0);
INSERT INTO "element" ("rowid","slide_id","element_uid","element_type","element_style_type","order_index","x","y","width","height","background_resource_id","foreground_resource_id","internal_mute","from_master") VALUES (106,19,'AUDIO',5,0,1,0.0,0.0,1.0,1.0,NULL,NULL,0,0);
INSERT INTO "element" ("rowid","slide_id","element_uid","element_type","element_style_type","order_index","x","y","width","height","background_resource_id","foreground_resource_id","internal_mute","from_master") VALUES (107,19,'CONTENT_SCRIPTURE',6,5,2,0.0,0.0,1.0,1.0,NULL,NULL,0,0);
INSERT INTO "element" ("rowid","slide_id","element_uid","element_type","element_style_type","order_index","x","y","width","height","background_resource_id","foreground_resource_id","internal_mute","from_master") VALUES (108,20,'BACKGROUND',0,0,0,0.0,0.0,1.0,1.0,NULL,NULL,0,0);
INSERT INTO "element" ("rowid","slide_id","element_uid","element_type","element_style_type","order_index","x","y","width","height","background_resource_id","foreground_resource_id","internal_mute","from_master") VALUES (109,20,'AUDIO',5,0,1,0.0,0.0,1.0,1.0,NULL,NULL,0,0);
INSERT INTO "element" ("rowid","slide_id","element_uid","element_type","element_style_type","order_index","x","y","width","height","background_resource_id","foreground_resource_id","internal_mute","from_master") VALUES (110,20,'TITLE',6,6,2,0.0199999995529652,0.0299999993294477,0.959999978542328,0.150000005960464,NULL,NULL,0,0);
INSERT INTO "element" ("rowid","slide_id","element_uid","element_type","element_style_type","order_index","x","y","width","height","background_resource_id","foreground_resource_id","internal_mute","from_master") VALUES (111,20,'SUBTITLE',6,7,3,0.0199999995529652,0.21000000834465,0.959999978542328,0.0750000029802322,NULL,NULL,0,0);
INSERT INTO "element" ("rowid","slide_id","element_uid","element_type","element_style_type","order_index","x","y","width","height","background_resource_id","foreground_resource_id","internal_mute","from_master") VALUES (112,20,'CONTENT_PRESENTATION',6,3,4,0.0199999995529652,0.314999997615814,0.959999978542328,0.65499997138977,NULL,NULL,0,0);
CREATE INDEX IF NOT EXISTS "slide_property_group_Index01" ON "slide_property_group" (
	"link_id",
	"group_name"
);
CREATE INDEX IF NOT EXISTS "slide_property_Index01" ON "slide_property" (
	"group_id"
);
CREATE INDEX IF NOT EXISTS "idx_slides_presentation_id_order_index" ON "slide" (
	"presentation_id",
	"order_index"
);
CREATE INDEX IF NOT EXISTS "resource_web_Index01" ON "resource_web" (
	"resource_id"
);
CREATE INDEX IF NOT EXISTS "resource_video_Index02" ON "resource_video" (
	"file_id"
);
CREATE INDEX IF NOT EXISTS "resource_video_Index01" ON "resource_video" (
	"resource_id"
);
CREATE INDEX IF NOT EXISTS "resource_text_Index01" ON "resource_text" (
	"resource_id"
);
CREATE INDEX IF NOT EXISTS "resource_shape_Index01" ON "resource_shape" (
	"resource_id"
);
CREATE INDEX IF NOT EXISTS "resource_powerpoint_Index02" ON "resource_powerpoint" (
	"file_id"
);
CREATE INDEX IF NOT EXISTS "resource_powerpoint_Index01" ON "resource_powerpoint" (
	"resource_id"
);
CREATE INDEX IF NOT EXISTS "resource_image_Index02" ON "resource_image" (
	"file_id"
);
CREATE INDEX IF NOT EXISTS "resource_image_Index01" ON "resource_image" (
	"resource_id"
);
CREATE INDEX IF NOT EXISTS "resource_gradient_color_Index01" ON "resource_gradient_color" (
	"resource_id"
);
CREATE INDEX IF NOT EXISTS "resource_gradient_Index01" ON "resource_gradient" (
	"resource_id"
);
CREATE INDEX IF NOT EXISTS "resource_feed_pc_Index01" ON "resource_feed_pc" (
	"resource_id"
);
CREATE INDEX IF NOT EXISTS "resource_feed_Index01" ON "resource_feed" (
	"resource_id"
);
CREATE INDEX IF NOT EXISTS "resource_dvd_pc_Index01" ON "resource_dvd_pc" (
	"resource_id"
);
CREATE INDEX IF NOT EXISTS "resource_dvd_Index01" ON "resource_dvd" (
	"resource_id"
);
CREATE INDEX IF NOT EXISTS "resource_color_Index01" ON "resource_color" (
	"resource_id"
);
CREATE INDEX IF NOT EXISTS "resource_audio_Index02" ON "resource_audio" (
	"file_id"
);
CREATE INDEX IF NOT EXISTS "resource_audio_Index01" ON "resource_audio" (
	"resource_id"
);
CREATE INDEX IF NOT EXISTS "resource_Index02" ON "resource" (
	"resource_uid"
);
CREATE INDEX IF NOT EXISTS "resource_Index01" ON "resource" (
	"resource_hash"
);
CREATE INDEX IF NOT EXISTS "presentation_property_group_global_Index01" ON "presentation_property_group_global" (
	"link_id",
	"group_name"
);
CREATE INDEX IF NOT EXISTS "presentation_property_group_Index01" ON "presentation_property_group" (
	"link_id",
	"group_name"
);
CREATE INDEX IF NOT EXISTS "presentation_property_global_Index01" ON "presentation_property_global" (
	"group_id"
);
CREATE INDEX IF NOT EXISTS "presentation_property_Index01" ON "presentation_property" (
	"group_id"
);
CREATE INDEX IF NOT EXISTS "presentation_Index01" ON "presentation" (
	"presentation_uid",
	"presentation_rev_uid"
);
CREATE INDEX IF NOT EXISTS "idx_presentations_group_level_order_index" ON "presentation" (
	"group_level",
	"order_index"
);
CREATE INDEX IF NOT EXISTS "file_Index01" ON "file" (
	"file_hash"
);
CREATE INDEX IF NOT EXISTS "element_property_group_Index01" ON "element_property_group" (
	"link_id",
	"group_name"
);
CREATE INDEX IF NOT EXISTS "element_property_Index01" ON "element_property" (
	"group_id"
);
CREATE INDEX IF NOT EXISTS "element_Index01" ON "element" (
	"slide_id",
	"order_index"
);
COMMIT;
